year,mmsi,gear_type,total_hours,total_fishing_hours,fishing_hours_eez,fishing_hours_falkland,fishing_hours_hs
2014,701000962,squid_jigger,4771.00972222221,1176.6087500000017,1176.6087500000017,0,0
2014,701000941,trawlers,5760.659722222231,2678.4652777777783,2678.4652777777783,0,0
2014,701000753,trawlers,5716.435833333313,2373.332916666665,2373.332916666665,0,0
2015,701000753,trawlers,4882.862777777756,1808.0972222222035,1808.0972222222035,0,0
2015,701000687,trawlers,4615.045555555456,2311.806944444424,2311.806944444424,0,0
2014,701000882,trawlers,6606.836666666655,2558.455694444443,2558.455694444443,0,0
2014,701000623,trawlers,4107.9794444444315,857.8587499999995,857.8587499999995,0,0
2016,701000553,trawlers,7396.186527777555,3379.2613888888327,3379.2613888888327,0,0
2015,701006471,trawlers,7226.224861110768,2418.238055555526,2418.238055555526,0,0
2016,701000631,trawlers,5270.933055555377,512.1441666666658,512.1441666666658,0,0
2014,701006427,trawlers,8760.644027777562,4020.779861111111,4020.779861111111,0,0
2015,701000584,drifting_longlines,1400.5774999999999,420.23388888888894,420.23388888888894,0,0
2015,701000894,trawlers,847.9533333333346,5.979444444444444,5.979444444444444,0,0
2015,701000805,trawlers,3712.0022222221983,1911.1762500000023,1911.1762500000023,0,0
2015,701024000,trawlers,8769.124305555355,6466.371249999659,6363.698055555231,0,102.67319444444443
2016,701000753,trawlers,5296.343888888833,1366.254027777778,1366.254027777778,0,0
2016,701007038,trawlers,3834.351388888898,1015.227638888891,1015.227638888891,0,0
2016,701000875,trawlers,4491.07749999992,1889.380694444445,1887.740277777778,1.6404166666666669,0
2016,701006056,trawlers,8672.442777777143,1309.7593055555558,1309.7593055555558,0,0
2014,701006044,trawlers,5325.71583333331,2223.878333333334,2056.983333333334,166.89499999999995,0
2015,701007026,squid_jigger,8010.0029166667255,1439.464027777776,1438.6569444444426,0.8070833333333334,0
2014,701000651,trawlers,8069.875972222125,1879.4676388888954,1879.4676388888954,0,0
2015,701000800,fixed_gear,4661.7924999998595,2349.6384722222065,2349.6384722222065,0,0
2016,701000742,trawlers,6583.430138888322,3889.4566666666083,3889.4566666666083,0,0
2016,701006085,trawlers,8506.61111111032,1988.7990277777733,1986.105833333329,2.693194444444445,0
2016,701000672,squid_jigger,5814.8104166664425,1173.790277777781,1160.5645833333363,13.225694444444443,0
2015,701000691,trawlers,4585.26597222221,978.9088888888882,707.4074999999991,271.50138888888875,0
2016,701000941,trawlers,5428.224722222167,3239.9929166666398,3239.9929166666398,0,0
2014,701054000,trawlers,1719.859027777777,22.265972222222224,22.265972222222224,0,0
2014,701000916,trawlers,7535.77513888889,3266.2533333333326,3266.2533333333326,0,0
2015,701000895,trawlers,4356.334166666672,2520.7123611111124,2520.7123611111124,0,0
2015,701000865,drifting_longlines,4641.446111111096,591.1662499999995,591.1662499999995,0,0
2016,701000785,trawlers,953.5130555555551,9.199861111111112,9.199861111111112,0,0
2015,701000932,trawlers,6063.103333333296,3875.597083333313,3875.597083333313,0,0
2016,701000965,purse_seines,91.41527777777772,49.56736111111115,49.56736111111115,0,0
2014,701100000,trawlers,6517.173333333326,1868.8597222222302,1868.8597222222302,0,0
2015,701000629,trawlers,3823.4931944444,1272.539444444451,1254.8440277777836,17.695416666666674,0
2015,701006132,squid_jigger,2026.7647222222129,393.62124999999975,249.49138888888882,144.1298611111113,0
2014,701006445,trawlers,8604.577083333337,3670.475555555555,3307.713472222221,362.76208333333335,0
2016,701070000,trawlers,6498.220555555396,2236.2854166666402,2236.2854166666402,0,0
2015,701000517,trawlers,1959.413611111109,437.107638888889,437.107638888889,0,0
2016,701000830,trawlers,6004.960833333075,1071.0813888888817,1071.0813888888817,0,0
2015,701000528,trawlers,1246.991388888889,511.43736111111104,511.43736111111104,0,0
2015,701006145,trawlers,3790.8319444444323,1476.957361111107,1063.442222222223,409.6518055555548,3.8633333333333333
2015,701006037,trawlers,8481.981944444344,1026.6808333333352,1026.6808333333352,0,0
2015,701006405,trawlers,1031.8847222222214,358.35652777777756,358.35652777777756,0,0
2016,701000768,trawlers,4088.9530555554848,1816.9262499999932,1800.1372222222149,16.789027777777775,0
2016,701000645,trawlers,8186.014722221398,3486.4726388888253,3486.4726388888253,0,0
2016,701006001,trawlers,3555.3455555555392,882.2562500000003,882.2562500000003,0,0
2016,701054000,trawlers,563.67805555555594,161.06138888888896,161.06138888888896,0,0
2016,701000708,trawlers,6311.404166666498,1262.9784722222164,1262.9784722222164,0,0
2014,701000551,trawlers,7648.552083333313,983.7854166666668,820.0730555555558,163.71236111111114,0
2014,701000517,trawlers,3556.4236111111127,1047.487638888889,1047.487638888889,0,0
2014,701000516,trawlers,7856.414722222215,3542.050972222223,3542.050972222223,0,0
2014,701000830,trawlers,4450.17944444444,1847.1215277777774,1847.1215277777774,0,0
2015,701000842,pole_and_line,1967.699444444445,851.7630555555555,851.7630555555555,0,0
2014,701006043,drifting_longlines,7115.415277777771,2463.0804166666667,2202.1097222222224,260.97069444444463,0
2015,701000856,trawlers,4644.967499999993,1343.7712500000011,1343.7712500000011,0,0
2015,701000646,trawlers,5978.725277777592,1234.1611111111117,1234.1611111111117,0,0
2016,701000805,trawlers,5597.248611111072,2666.4401388888937,2666.4401388888937,0,0
2015,701006043,drifting_longlines,7910.760138888632,3359.6113888888503,2892.1087499999812,467.5026388888891,0
2015,701006614,trawlers,2734.101111111098,729.5112499999996,576.2906944444442,153.2205555555555,0
2015,701000515,trawlers,8728.658888888818,2960.554305555539,2960.554305555539,0,0
2016,701006059,trawlers,6831.597638888755,3306.3344444444383,3306.3344444444383,0,0
2015,701000735,trawlers,7444.8509722218405,3369.5295833332975,2930.9388888888598,438.5906944444443,0
2015,701000835,trawlers,7005.360833333164,2419.0758333333065,2419.0758333333065,0,0
2016,701031000,trawlers,6805.559305554884,4462.255277777585,3776.3449999998484,685.9102777777788,0
2014,701033000,trawlers,8759.948055555416,4803.745972222154,4803.745972222154,0,0
2014,701000642,trawlers,5841.144722222215,2235.116388888888,2235.116388888888,0,0
2015,701000755,trawlers,8758.807083333297,2851.949027777742,2851.949027777742,0,0
2015,701000882,trawlers,4859.6930555555255,2316.9236111110927,2316.9236111110927,0,0
2015,701000680,squid_jigger,2946.2327777777673,1080.064722222222,731.954027777778,348.1106944444446,0
2014,701030000,trawlers,3837.2497222222223,924.9722222222222,924.9722222222222,0,0
2015,701000916,trawlers,5241.192222222145,2353.228472222207,2353.228472222207,0,0
2015,701015000,trawlers,7443.24472222216,2682.891944444444,2535.5338888888896,0,0
2016,701006044,trawlers,8091.300138888675,2461.121944444408,2346.801944444412,114.32000000000002,0
2016,701000927,trawlers,5075.306527777731,751.3511111111111,627.7998611111113,123.55125000000002,0
2014,701000646,trawlers,4807.471666666663,2229.8629166666683,2229.8629166666683,0,0
2015,701079000,trawlers,4945.539999999921,2523.549166666647,2523.549166666647,0,0
2016,701006049,trawlers,2601.735833333334,792.5550000000001,792.5550000000001,0,0
2016,701000528,trawlers,5440.044027777687,2034.2476388888986,2034.2476388888986,0,0
2014,701000834,trawlers,6732.6275000000005,2131.3006944444487,2131.3006944444487,0,0
2016,701000899,trawlers,5860.568333332967,3188.740555555531,3188.740555555531,0,0
2015,701007022,trawlers,5950.035694444343,3300.5213888888693,3300.5213888888693,0,0
2016,701000962,squid_jigger,7045.40777777742,1792.2674999999954,1697.21083333333,95.05666666666662,0
2016,701000772,trawlers,8084.393749999423,1652.34569444444,1652.34569444444,0,0
2016,701006007,trawlers,7271.693611110851,2563.759444444433,2563.759444444433,0,0
2014,701000580,trawlers,2579.085555555555,622.017777777778,622.017777777778,0,0
2016,701000728,trawlers,7100.963888888912,3026.1733333333336,3014.0006944444444,0,0
2016,701000623,trawlers,2760.3525000000045,966.5699999999991,966.5699999999991,0,0
2014,701000537,trawlers,5073.48222222222,1951.2533333333315,1951.2533333333315,0,0
2014,701000852,squid_jigger,4299.818333333333,1163.9254166666665,908.75,255.17541666666665,0
2014,701000708,trawlers,5042.421666666657,2278.2744444444397,2278.2744444444397,0,0
2016,701094000,trawlers,8017.030277777283,1838.7951388888805,1838.7951388888805,0,0
2014,701000662,trawlers,4467.032499999996,2186.8343055555565,2186.8343055555565,0,0
2016,701023000,drifting_longlines,8308.739166666606,3610.506944444422,3287.221249999986,319.39861111111117,3.8870833333333334
2015,701000900,trawlers,2569.1074999999937,185.9743055555554,185.9743055555554,0,0
2015,701000673,trawlers,2919.7972222222115,702.5856944444447,702.5856944444447,0,0
2015,701006149,trawlers,5537.917222222131,997.742638888893,803.5400000000029,194.2026388888888,0
2016,701000771,trawlers,985.3002777777751,9.168055555555556,9.168055555555556,0,0
2015,701006119,trawlers,3257.0758333332915,369.13694444444377,332.0547222222209,37.082222222222214,0
2015,701000577,trawlers,8142.4697222222,3673.4259722222214,3671.809861111111,0,1.616111111111111
2015,701006044,trawlers,7254.635555555494,2355.4688888888895,2268.581944444445,81.01138888888886,5.875555555555556
2016,701000822,trawlers,5457.34194444444,677.6244444444445,677.6244444444445,0,0
2015,701006080,trawlers,7116.434444444444,2493.154583333333,2493.154583333333,0,0
2015,701000651,trawlers,6205.263333333192,1540.8983333333422,1540.8983333333422,0,0
2014,701000660,trawlers,5476.08333333329,2204.036111111114,2204.036111111114,0,0
2016,701078000,trawlers,1274.5383333333332,486.2508333333325,486.2508333333325,0,0
2014,701000867,trawlers,2923.991944444445,220.3175,207.7673611111111,12.550138888888888,0
2016,701037000,trawlers,8658.262777777627,3948.9256944444205,3787.2849999999794,161.6406944444445,0
2015,701078000,trawlers,4450.681111111079,2390.556944444416,2390.556944444416,0,0
2014,701000649,trawlers,6893.226388888901,2994.5766666666664,2994.5766666666664,0,0
2016,701066000,trawlers,5554.850555555522,3373.3622222222166,3373.3622222222166,0,0
2016,701000857,trawlers,6035.906249999913,1212.705138888889,1212.705138888889,0,0
2014,701006471,trawlers,4391.4419444444175,2620.914166666669,2620.914166666669,0,0
2014,701000550,trawlers,7038.474722222099,2055.2608333333387,2055.2608333333387,0,0
2016,701006182,trawlers,8674.578055554304,1641.0063888888787,1534.1319444444414,96.67069444444456,0
2016,701000663,trawlers,5592.9511111106885,1440.7497222222175,1440.7497222222175,0,0
2016,701000947,fixed_gear,6380.253611111064,3216.269444444445,3216.269444444445,0,0
2015,701000960,trawlers,5758.774444444407,2791.9040277777685,2791.9040277777685,0,0
2014,701000639,trawlers,7724.590277777598,3222.8644444444294,3222.8644444444294,0,0
2014,701000547,drifting_longlines,4690.079444444444,154.28444444444443,154.28444444444443,0,0
2014,701023000,drifting_longlines,8431.231111111105,4580.398194444449,4127.413611111112,452.98458333333326,0
2014,701006385,fixed_gear,6360.205555555561,2525.87125,2525.87125,0,0
2016,701000629,trawlers,5715.722916666613,559.4390277777798,559.4390277777798,0,0
2015,701000550,trawlers,6332.569166666425,2134.0398611110686,2134.0398611110686,0,0
2015,701041000,drifting_longlines,7928.3722222216375,2759.1852777777417,2759.1852777777417,0,0
2016,701000619,trawlers,6581.648611110795,3519.9956944444175,3519.9956944444175,0,0
2015,701000636,trawlers,5025.835555555559,830.1370833333333,830.1370833333333,0,0
2014,701000884,trawlers,3332.2922222222205,919.5818055555554,866.5947222222222,52.98708333333334,0
2015,701000870,trawlers,7651.913611111075,2693.309166666665,2693.309166666665,0,0
2016,701006132,squid_jigger,4414.256388888885,1414.6627777777778,1414.6627777777778,0,0
2016,701006038,trawlers,8096.634722222028,1660.8020833333355,1660.8020833333355,0,0
2015,701006214,squid_jigger,1002.0797222222212,97.8365277777778,97.8365277777778,0,0
2014,701006042,trawlers,6064.45833333333,3074.920416666667,3048.30625,26.61416666666667,0
2014,701006529,trawlers,2568.1349999999925,788.936249999999,788.936249999999,0,0
2015,701006445,trawlers,7241.769722222108,3746.309166666635,3218.8263888888587,527.4827777777774,0
2015,701000509,trawlers,8153.534305555524,2326.1049999999996,2326.1049999999996,0,0
2015,701000626,purse_seines,7866.00041666638,2346.2883333333143,2346.2883333333143,0,0
2014,701000564,trawlers,4089.0708333333314,117.89805555555557,111.49472222222224,6.403333333333333,0
2015,701000620,trawlers,8377.720416666562,3393.88277777777,3388.570416666659,0,5.3123611111111115
2016,701000636,trawlers,5953.79833333331,2276.508750000001,2276.508750000001,0,0
2014,701006168,trawlers,8698.69611111114,3950.5463888888767,3532.812361111103,417.73402777777807,0
2014,701000919,trawlers,5053.427083333334,2006.4393055555556,2006.4393055555556,0,0
2016,701006140,trawlers,8784.037361110813,1135.6647222222196,1135.6647222222196,0,0
2016,701007011,trawlers,4125.58138888886,1569.5623611111046,1569.5623611111046,0,0
2016,701000615,trawlers,1481.6116666666812,617.1961111111144,617.1961111111144,0,0
2014,701000686,trawlers,6507.221944444317,2818.616805555555,2818.616805555555,0,0
2015,701006427,trawlers,8629.374305555415,4136.1349999999975,4136.1349999999975,0,0
2014,701000658,trawlers,6735.355138888885,3848.3994444444415,3848.3994444444415,0,0
2015,701000551,trawlers,8137.277916666333,603.6645833333331,590.9954166666664,12.669166666666662,0
2014,701000725,trawlers,8257.035694444428,346.6706944444445,190.83152777777778,0,0
2014,701000878,trawlers,2984.538888888889,1568.7450000000003,1100.3147222222221,468.4302777777778,0
2015,701000823,trawlers,6419.898611111044,1537.7108333333247,1230.6749999999993,307.03583333333296,0
2015,701006135,trawlers,8759.89013888869,1177.5065277777753,1003.8655555555553,173.6409722222223,0
2015,701000632,trawlers,3406.2449999999676,615.0751388888897,485.8679166666663,129.20722222222224,0
2015,701000768,trawlers,3019.609999999975,785.0168055555579,642.9036111111117,142.11319444444447,0
2016,701000882,trawlers,5298.271388888578,2935.330416666625,2935.330416666625,0,0
2015,701000869,trawlers,6723.604027777716,1701.2959722222213,1701.2959722222213,0,0
2014,701000844,trawlers,5594.8911111111065,2893.202499999998,1462.1186111111112,0,0
2014,701006300,trawlers,3506.2475000000004,1560.6638888888892,1560.6638888888892,0,0
2015,701000745,trawlers,6200.357777777759,1484.5994444444457,1484.5994444444457,0,0
2014,701000583,trawlers,6430.322361111109,2236.6284722222226,2236.6284722222226,0,0
2014,701006026,trawlers,7246.588055555554,3254.6872222222232,3254.6872222222232,0,0
2014,701031000,trawlers,8642.777638888896,4275.619305555558,3945.0630555555563,330.55625,0
2015,701000830,trawlers,4287.776111111043,2128.168749999968,2128.168749999968,0,0
2016,701000658,trawlers,8768.221111110726,3609.6433333333143,3609.6433333333143,0,0
2015,701006084,trawlers,6926.02805555533,2447.1168055555527,2447.1168055555527,0,0
2015,701000597,squid_jigger,8735.550833333213,1598.6887499999843,1450.6747222222107,148.01402777777787,0
2015,701000627,trawlers,8761.934027777512,6058.218611110346,5476.699583332721,573.8151388888898,0
2015,701000662,trawlers,6846.759444444396,2460.0027777777814,2460.0027777777814,0,0
2016,701006086,trawlers,8784.11569444409,2010.768611111101,2010.768611111101,0,0
2014,701006068,trawlers,3829.2938888888884,604.0969444444438,604.0969444444438,0,0
2016,701006043,drifting_longlines,8676.084999998853,3769.6312499998994,3561.899999999915,207.73124999999962,0
2015,701000529,trawlers,6872.122499999931,431.4808333333334,431.4808333333334,0,0
2016,701000878,trawlers,2688.508888888888,256.5005555555556,256.5005555555556,0,0
2015,701000959,trawlers,3140.8436111110886,874.3268055555571,752.3630555555566,121.96375000000018,0
2015,701006003,trawlers,4374.08361111094,2380.3102777777017,2380.3102777777017,0,0
2015,701000596,trawlers,2743.8497222222095,425.3130555555554,382.20277777777744,43.11027777777779,0
2014,701006450,fixed_gear,8351.459583333315,3066.755416666666,3066.755416666666,0,0
2016,701006063,trawlers,2961.257500000009,180.2423611111111,180.2423611111111,0,0
2016,701000681,trawlers,4490.638333333215,1965.1845833333277,1961.6701388888832,3.514444444444444,0
2015,701006168,trawlers,8065.820277777719,3605.9998611111046,3261.770416666671,344.2294444444442,0
2014,701000755,trawlers,8288.20750000001,2294.5899999999992,2294.5899999999992,0,0
2015,701006083,trawlers,5889.50361111099,3234.307777777761,3234.307777777761,0,0
2016,701000892,trawlers,1441.9816666666636,25.35055555555556,25.35055555555556,0,0
2014,701068000,trawlers,8761.6220833333009,3669.144305555551,3669.144305555551,0,0
2014,701000535,trawlers,2283.7325000000005,372.2883333333334,372.2883333333334,0,0
2016,701000651,trawlers,4584.288888888535,1090.5654166666754,1090.5654166666754,0,0
2016,701006405,trawlers,2388.364444444427,1125.8087499999986,1125.8087499999986,0,0
2015,701000713,drifting_longlines,8709.580694444314,6332.498333333262,6046.6329166666055,188.2029166666668,19.105833333333337
2015,701007036,trawlers,8406.071388888817,3428.01805555555,3428.01805555555,0,0
2015,701000553,trawlers,4162.521388888866,1808.618194444446,1808.618194444446,0,0
2015,701000628,trawlers,8716.552222221937,3198.5945833332644,2878.8043055554963,319.7902777777777,0
2015,701000840,trawlers,6194.785555555453,2323.7208333333274,2323.7208333333274,0,0
2016,701006083,trawlers,6108.776388888844,2991.671805555548,2991.671805555548,0,0
2016,701015000,trawlers,7879.746111110831,3052.4374999999964,3050.103611111108,0,0
2016,701006637,drifting_longlines,8783.97666666658,2494.269861110972,2494.269861110972,0,0
2015,701000674,trawlers,3349.4991666666465,1060.0366666666678,713.8255555555556,323.4552777777775,22.755833333333335
2014,701000663,trawlers,3716.834166666642,1146.8579166666664,1009.9823611111109,136.87555555555556,0
2014,701000947,fixed_gear,2128.793611111114,1368.8074999999988,1368.8074999999988,0,0
2015,701027000,trawlers,8761.82097222226,2330.1537499998863,2268.661527777671,61.49222222222229,0
2016,701000764,trawlers,8763.631111110923,3164.4491666666454,3164.4491666666454,0,0
2016,701041000,drifting_longlines,8784.124305554937,2877.861805555472,2877.861805555472,0,0
2016,701000949,trawlers,6630.410277777532,2803.0059722221904,2803.0059722221904,0,0
2014,701000875,trawlers,7065.606249999922,1540.0945833333342,1109.4623611111117,430.63222222222214,0
2015,701006026,trawlers,6492.285833333317,2676.2531944444445,2676.2531944444445,0,0
2016,701000607,trawlers,5225.853611110682,1909.1799999999564,1909.1799999999564,0,0
2015,701000850,trawlers,8508.23416666662,1856.2145833333302,1856.2145833333302,0,0
2016,701000551,trawlers,8238.932499999757,1630.9447222222188,1608.0834722222198,22.038888888888888,0.8223611111111111
2015,701066000,trawlers,4284.611944444436,2417.590277777778,2417.590277777778,0,0
2015,701000816,trawlers,3158.2072222222228,634.2324999999998,634.2324999999998,0,0
2015,701000927,trawlers,8629.745138888873,189.7766666666667,189.7766666666667,0,0
2015,701000623,trawlers,3058.9963888888747,894.9497222222204,886.6038888888871,8.345833333333333,0
2014,701000765,trawlers,5058.962777777781,1129.0384722222223,1129.0384722222223,0,0
2016,701007039,trawlers,6745.276388888695,2612.4984722222216,2612.4984722222216,0,0
2015,701042000,trawlers,8478.299027777566,4098.880555555521,3566.8809722221904,531.5990277777769,0.40055555555555555
2014,701000894,trawlers,1440.5461111111097,690.9206944444448,690.9206944444448,0,0
2016,701000511,trawlers,8500.353611110839,2983.1577777777843,2983.1577777777843,0,0
2016,701006377,trawlers,5751.706249999719,2406.2881944444393,2406.2881944444393,0,0
2014,701000713,drifting_longlines,3476.6875000000005,1808.0911111111116,1483.104166666666,302.4812500000001,3.981527777777778
2016,701000674,trawlers,3218.798888888886,948.2961111111113,948.2961111111113,0,0
2015,701000681,trawlers,2809.293055555555,1213.6533333333327,858.9027777777777,337.0005555555555,17.749999999999996
2016,701000849,trawlers,8539.06277777763,3021.827222222216,3021.827222222216,0,0
2015,701000885,trawlers,2620.959583333332,3.8408333333333333,0,0,0
2016,701000558,drifting_longlines,5384.692499999682,552.586527777781,552.586527777781,0,0
2016,701006135,trawlers,8784.024722222019,1653.1963888888854,1653.1963888888854,0,0
2016,701007040,trawlers,7230.639166666531,2442.066944444451,2442.066944444451,0,0
2016,701006133,trawlers,6315.267361111046,1345.5338888888914,1345.5338888888914,0,0
2015,701000793,trawlers,7584.256666666641,19.97652777777778,19.97652777777778,0,0
2015,701000677,trawlers,7897.57555555515,383.85097222222197,290.7024999999998,93.14847222222224,0
2015,701000547,drifting_longlines,3429.0988888888755,796.4065277777775,745.0502777777776,51.35624999999998,0
2015,701000860,squid_jigger,4774.087222222162,1689.295138888871,1689.295138888871,0,0
2016,701006058,trawlers,8568.11236111074,2737.1212499999583,2737.1212499999583,0,0
2016,701006131,squid_jigger,4157.376944444418,929.374583333334,929.374583333334,0,0
2015,701000884,trawlers,5311.640555555501,1401.7523611111003,1353.159444444435,48.59291666666664,0
2016,701000837,trawlers,7158.553888888691,2817.5263888888812,2817.5263888888812,0,0
2014,701042000,trawlers,8760.056944444183,4208.898055555539,3926.5373611111054,282.3606944444447,0
2014,701006085,trawlers,8759.813333333419,822.2458333333325,776.6718055555546,45.574027777777765,0
2014,701000585,trawlers,2455.808333333332,463.4913888888889,463.4913888888889,0,0
2014,701006066,trawlers,5491.406666666667,1974.090972222222,1974.090972222222,0,0
2015,701000649,trawlers,6317.003888888861,2512.7148611110933,2512.7148611110933,0,0
2015,701000666,trawlers,7154.437499999938,4589.26152777775,4589.26152777775,0,0
2015,701007044,trawlers,5234.534444444444,3003.976250000001,3003.976250000001,0,0
2014,701006084,trawlers,7944.706111110982,3268.769722222219,3268.769722222219,0,0
2014,701000612,trawlers,6045.921111111153,2851.4494444444485,2851.4494444444485,0,0
2015,701006615,trawlers,2889.5355555555366,634.2433333333327,452.5537499999991,181.68958333333336,0
2014,701006341,trawlers,6050.425277777773,1948.7101388888882,1948.7101388888882,0,0
2014,701000907,trawlers,4862.375416666694,1054.4266666666667,975.0420833333337,79.38458333333334,0
2015,701037000,trawlers,8728.37569444433,3876.536527777748,3496.9997222221996,379.5368055555555,0
2015,701000531,trawlers,6671.361111111068,1212.3855555555547,1212.3855555555547,0,0
2015,701006183,squid_jigger,2987.6438888888215,713.4551388888917,488.5426388888889,224.91249999999906,0
2016,701006061,trawlers,7770.654444444086,3289.383055555505,3288.9608333332826,0,0.4222222222222222
2016,701006168,trawlers,6258.1593055556,2498.772916666671,2331.4265277777827,167.3463888888889,0
2015,701006042,trawlers,5084.511388888859,1555.9030555555562,1507.1425000000006,48.282638888888954,0.47791666666666666
2016,701056000,trawlers,4096.098333333324,1146.0306944444449,1146.0306944444449,0,0
2014,701000512,drifting_longlines,6922.742777777775,3863.0602777777767,3707.1845833333327,155.87569444444443,0
2015,701100000,trawlers,4637.277222222027,2401.529166666639,2401.529166666639,0,0
2014,701006094,trawlers,6051.599166666665,3968.7401388888875,3968.7401388888875,0,0
2016,701000816,trawlers,4790.735833333329,1375.3205555555546,1272.1609722222213,0,0
2015,701000808,trawlers,1272.0902777777758,185.37263888888893,185.37263888888893,0,0
2014,701006204,trawlers,4376.390972222219,1791.0786111111124,1791.0786111111124,0,0
2016,701000865,drifting_longlines,3512.2486111110898,1192.2256944444482,1192.2256944444482,0,0
2016,701000835,trawlers,8354.6197222217,2940.241388888846,2940.241388888846,0,0
2015,701006182,trawlers,8736.68208333325,6361.69527777773,6121.044027777733,167.20624999999995,18.90138888888888
2014,701000628,trawlers,8760.93305555524,4275.220277777728,3516.698472222206,758.5218055555531,0
2014,701000857,trawlers,3503.772222222222,1010.0611111111117,738.9063888888886,243.18736111111113,27.96736111111111
2014,701000869,trawlers,3691.877499999993,887.1762499999977,887.1762499999977,0,0
2014,701019000,trawlers,8475.73847222222,2916.6547222222225,2916.6547222222225,0,0
2014,701006005,trawlers,479.44361111111164,2.0188888888888887,2.0188888888888887,0,0
2014,701000629,trawlers,8758.753611110938,2822.5441666666743,2430.545416666673,391.9987500000002,0
2016,701000675,trawlers,3881.1161111110578,653.7780555555563,644.3097222222228,9.468333333333335,0
2016,701006073,drifting_longlines,8300.951944444045,4826.347499999945,4451.725277777719,374.622222222221,0
2014,701079000,trawlers,6245.531388888875,2272.117083333333,2272.117083333333,0,0
2016,701000537,trawlers,2129.5291666666867,375.85111111111047,375.85111111111047,0,0
2014,701006139,trawlers,4206.694722222217,891.5315277777775,719.169861111111,172.3616666666667,0
2016,701006341,trawlers,8081.586527777156,3446.9341666665114,3443.5665277776216,0,0
2014,701045000,drifting_longlines,6962.863611111107,2881.3433333333332,2006.8166666666666,874.5266666666666,0
2015,701000506,trawlers,3058.177777777748,1098.9490277777777,765.5004166666712,333.44861111111135,0
2015,701000702,trawlers,1005.4488888888878,4.905972222222222,0,0,0
2016,701006020,trawlers,7338.627499999877,2231.8400000000047,2231.8400000000047,0,0
2015,701096000,trawlers,6372.100277777535,3380.44277777775,3380.44277777775,0,0
2016,701027000,trawlers,8784.033888889355,1906.8952777776044,1846.0901388887257,60.635277777777766,0
2015,701000537,trawlers,3509.580833333329,400.8248611111112,400.8248611111112,0,0
2014,701000808,trawlers,2137.540694444447,519.2825,519.2825,0,0
2016,701006080,trawlers,5019.477499999979,1103.1086111111138,1103.1086111111138,0,0
2014,701000743,trawlers,4115.186111111121,458.8211111111111,369.4565277777777,89.36458333333333,0
2016,701076000,drifting_longlines,1459.8933333333355,747.9620833333333,677.1062499999996,0,0
2014,701000742,trawlers,3771.6138888888777,2158.6669444444487,2158.6669444444487,0,0
2015,701000545,trawlers,7373.59333333332,830.8129166666674,801.8676388888896,28.94527777777777,0
2015,701000772,trawlers,6773.747638888677,2548.894166666647,2548.894166666647,0,0
2014,701000865,drifting_longlines,7544.098611111177,2118.350416666667,2118.350416666667,0,0
2015,701000615,trawlers,693.4497222222225,190.26763888888894,190.26763888888894,0,0
2016,701000895,trawlers,6788.234999999901,3761.1015277777606,3761.1015277777606,0,0
2016,701000960,trawlers,5050.033055555522,3005.810972222207,3005.810972222207,0,0
2016,701006450,fixed_gear,5110.321249999986,2765.4227777777714,2765.4227777777714,0,0
2014,701000768,trawlers,3531.598888888894,672.604722222222,538.5526388888877,134.05208333333337,0
2014,701000860,squid_jigger,7880.26749999994,747.0620833333323,723.5449999999993,23.517083333333336,0
2016,701000547,drifting_longlines,736.5233333333344,459.7070833333335,459.7070833333335,0,0
2016,701006071,trawlers,7323.073888888071,2485.1074999999637,2485.1074999999637,0,0
2014,701000687,trawlers,4484.93250000001,2291.6466666666634,2291.6466666666634,0,0
2015,701006133,trawlers,4237.22625000001,750.048472222224,750.048472222224,0,0
2016,701000720,drifting_longlines,5667.8520833326775,1456.3049999999787,1456.3049999999787,0,0
2015,701006020,trawlers,6898.583888888861,2655.8401388888906,2655.8401388888906,0,0
2016,701000867,trawlers,3008.743333333336,1113.1077777777775,1072.8894444444443,8.299583333333333,0
2016,701000571,trawlers,5392.834444444444,1646.9486111111094,1646.9486111111094,0,0
2016,701000691,trawlers,5183.503055555526,1518.4393055555568,1518.4393055555568,0,0
2015,701000546,trawlers,6472.3786111109275,2415.392777777758,2415.392777777758,0,0
2015,701006034,trawlers,6683.624305555488,2469.3343055555356,2469.3343055555356,0,0
2015,701006046,trawlers,7911.031944444071,3197.0997222221818,2892.8219444444107,304.27777777777675,0
2015,701006038,trawlers,8162.112222222186,2376.6674999999996,2376.6674999999996,0,0
2016,701000870,trawlers,3967.6933333333473,1334.2168055555553,1334.2168055555553,0,0
2015,701006450,fixed_gear,6207.439999999984,3827.356944444447,3827.356944444447,0,0
2016,701006119,trawlers,4536.552777777603,268.58291666666634,268.58291666666634,0,0
2014,701000928,trawlers,7562.250555555526,2470.3108333333353,2470.3108333333353,0,0
2016,701000517,trawlers,2699.0172222222213,511.9520833333334,511.9520833333334,0,0
2015,701000580,trawlers,1663.971666666667,379.0966666666667,379.0966666666667,0,0
2014,701000835,trawlers,2854.470555555551,420.50569444444454,420.50569444444454,0,0
2014,701000729,trawlers,6481.854861111078,2535.696111111111,2535.696111111111,0,0
2014,701000892,trawlers,740.0986111111113,112.47902777777779,112.47902777777779,0,0
2015,701000794,trawlers,8517.656666666464,874.9329166666653,874.9329166666653,0,0
2015,701000617,trawlers,8453.51124999983,2939.5022222222296,2690.8615277777885,0,0
2014,701007021,trawlers,5549.830833333341,1045.1191666666664,1045.1191666666664,0,0
2015,701006151,trawlers,3506.9211111110967,1098.3541666666677,880.7106944444455,217.6434722222223,0
2015,701006609,trawlers,7029.7366666663565,340.24763888888816,259.7566666666662,80.49097222222225,0
2016,701000852,squid_jigger,4365.201666666596,1190.6909722222206,1190.6909722222206,0,0
2014,701000945,squid_jigger,4015.537777777769,936.582777777777,743.646666666667,182.05083333333334,10.885277777777777
2014,701000900,trawlers,7881.339583333332,938.8954166666668,938.8954166666668,0,0
2014,701024000,trawlers,8760.903749999703,5754.035138888788,5624.922499999903,0,129.1126388888889
2016,701006468,trawlers,8553.90999999993,2946.168749999986,2946.168749999986,0,0
2016,701000819,drifting_longlines,4608.6176388888925,883.6255555555558,883.6255555555558,0,0
2016,701006055,trawlers,3530.692222222223,1035.8076388888915,1035.8076388888915,0,0
2014,701006201,trawlers,8293.075833333294,4988.1512500000035,3904.452222222225,0,0
2016,701006005,trawlers,7215.521388888417,1495.1394444444243,1495.1394444444243,0,0
2015,701000852,squid_jigger,1245.4497222222226,494.9993055555557,494.9993055555557,0,0
2015,701000947,fixed_gear,4258.044861111065,1154.4023611111154,1154.4023611111154,0,0
2015,701000717,drifting_longlines,8715.89069444434,2960.63958333332,2643.8793055555507,316.7602777777778,0
2016,701079000,trawlers,5050.074722222039,2810.545138888838,2810.545138888838,0,0
2014,701000620,trawlers,8271.593611111126,4218.460694444444,4218.460694444444,0,0
2015,701000652,trawlers,8763.030416666596,3469.791805555519,3469.791805555519,0,0
2014,701000772,trawlers,7750.552083333348,2967.960833333335,2967.960833333335,0,0
2014,701000794,trawlers,8771.588749999895,2848.4523611111126,2848.4523611111126,0,0
2014,701066000,trawlers,6387.135833333333,3139.0394444444432,3139.0394444444432,0,0
2015,701000686,trawlers,5349.57069444434,2261.1426388888713,2261.1426388888713,0,0
2016,701006042,trawlers,5659.9208333333,675.0311111111125,552.7125000000008,122.31861111111134,0
2016,701006471,trawlers,8155.077361110197,2485.1349999999666,2485.1349999999666,0,0
2014,701007044,trawlers,5219.034444444444,3306.9284722222214,3306.9284722222214,0,0
2016,701000948,trawlers,5658.762499999948,1239.8409722222232,1239.8409722222232,0,0
2015,701000708,trawlers,5818.209722222074,1565.4074999999962,1565.4074999999962,0,0
2016,701000950,trawlers,320.6533333333331,129.88750000000005,129.88750000000005,0,0
2016,701006060,drifting_longlines,6658.49694444423,2891.7001388888843,2891.7001388888843,0,0
2016,701000940,trawlers,8783.928888888486,1731.262222222212,1730.4187499999898,0.8434722222222221,0
2016,701006427,trawlers,4900.583333333336,2214.6627777777785,2214.6627777777785,0,0
2016,701000577,trawlers,8759.795555554943,4634.234722222051,4633.478749999828,0,0.7559722222222223
2014,701000942,trawlers,2291.6388888888896,154.5376388888889,148.17833333333334,6.359305555555555,0
2014,701000842,pole_and_line,3526.313888888891,1042.165833333333,1042.165833333333,0,0
2015,701000765,trawlers,8764.567361110961,3206.0704166666583,3206.0704166666583,0,0
2016,701000755,trawlers,4814.15152777774,1220.655555555557,1220.655555555557,0,0
2014,701000791,trawlers,6174.554722222219,2078.7319444444447,2078.7319444444447,0,0
2014,701000908,squid_jigger,4427.0263888888885,1595.8684722222224,1248.5259722222222,347.3425,0
2014,701000771,trawlers,1690.531111111111,297.72569444444446,272.71486111111113,25.010833333333334,0
2014,701000549,trawlers,5455.118194444454,2212.022361111111,2212.022361111111,0,0
2016,701006040,trawlers,8369.856805555022,2700.3552777777604,2700.3552777777604,0,0
2015,701000658,trawlers,6694.574999999948,4055.802777777763,4055.802777777763,0,0
2014,701006059,trawlers,6448.656111111104,2802.8593055555557,2802.8593055555557,0,0
2014,701015000,trawlers,6771.145555555541,2445.2865277777773,2282.058194444444,0,0
2015,701006147,trawlers,2338.285277777779,1021.8675000000002,961.2984722222225,60.569027777777805,0
2016,701000869,trawlers,8242.381805555135,2462.825416666662,2462.825416666662,0,0
2015,701000849,trawlers,8694.507638888683,1377.9083333333288,1377.9083333333288,0,0
2015,701006071,trawlers,3966.1986111110523,1208.3533333333348,1208.3533333333348,0,0
2016,701000627,trawlers,8784.890972221403,5518.031249998664,4531.370972221384,985.0087500000271,0
2014,701000927,trawlers,8046.900694444424,829.803888888889,822.6570833333335,7.146805555555556,0
2014,701000631,trawlers,5907.644999999993,977.5651388888889,874.3086111111113,81.67666666666668,21.579861111111107
2015,701000675,trawlers,4770.488888888893,574.467222222222,407.44472222222214,167.0225,0
2015,701006568,trawlers,2829.20277777777,1048.3272222222222,1046.9881944444444,1.339027777777778,0
2015,701000785,trawlers,5035.976388888813,2281.831944444438,2281.831944444438,0,0
2014,701000786,drifting_longlines,8053.603472222224,2920.264444444445,2884.832222222223,35.43222222222222,0
2015,701000607,trawlers,4834.678333333262,2351.10291666664,2351.10291666664,0,0
2016,701000660,trawlers,4975.728055555353,1925.659305555532,1925.659305555532,0,0
2016,701000902,trawlers,8097.969166666419,2663.9280555555492,2663.9280555555492,0,0
2016,701000901,trawlers,8006.527499999716,2247.733750000003,2057.3938888888993,190.33986111111142,0
2016,701006074,trawlers,5870.499444444211,1655.5906944444002,1655.5906944444002,0,0
2015,701000583,trawlers,8679.446805555428,3089.42208333331,3089.42208333331,0,0
2016,701000584,drifting_longlines,1852.2661111111115,841.4066666666665,827.2281944444443,0,0
2015,701000818,trawlers,6838.944861111122,1189.6247222222228,1189.6247222222228,0,0
2016,701000509,trawlers,8165.971944444036,2704.7856944444225,2704.7856944444225,0,0
2016,701006614,trawlers,3366.7419444444445,1099.2334722222224,1099.2334722222224,0,0
2014,701006007,trawlers,3469.459444444446,697.2143055555559,697.2143055555559,0,0
2016,701000696,trawlers,4780.513888888839,2449.664583333325,2449.664583333325,0,0
2015,701006300,trawlers,4088.9180555555467,1147.527638888889,1140.7772222222222,0,6.750416666666666
2014,701006135,trawlers,4936.9779166666685,793.184027777778,654.5059722222225,135.5331944444444,3.1448611111111116
2016,701007029,drifting_longlines,3763.59986111111,941.8238888888886,941.8238888888886,0,0
2016,701000745,trawlers,7046.650833333137,1414.0688888888822,1414.0688888888822,0,0
2014,701000619,trawlers,7840.214166666663,3547.1086111111126,3547.1086111111126,0,0
2014,701000702,trawlers,5075.480833333322,3584.723749999999,0,0,0
2015,701006140,trawlers,8251.237361111034,887.5741666666665,847.7509722222219,39.82319444444446,0
2014,701000959,trawlers,5372.301944444426,784.1902777777775,469.46055555555563,314.7297222222222,0
2015,701000516,trawlers,6671.782777777724,2511.5001388888713,2511.5001388888713,0,0
2015,701000672,squid_jigger,3834.519722222202,1551.8288888888774,1075.9070833333315,475.92180555555586,0
2014,701000543,trawlers,4657.835555555551,1189.454861111111,1189.454861111111,0,0
2014,701006080,trawlers,7035.380277777754,2251.3722222222214,2251.3722222222214,0,0
2015,701000778,trawlers,7701.87083333312,3075.2097222222137,3075.2097222222137,0,0
2014,701000667,trawlers,7607.783055555554,1134.4161111111118,975.95125,99.27194444444444,59.19291666666666
2014,701000872,fixed_gear,2886.635555555555,48.467638888888885,48.467638888888885,0,0
2015,701000645,trawlers,6071.929166666452,3280.742222222187,3280.742222222187,0,0
2015,701000941,trawlers,4977.056666666658,2836.907083333325,2836.907083333325,0,0
2015,701000945,squid_jigger,3017.4322222222,1340.3180555555582,1060.7890277777797,279.52902777777723,0
2014,701000666,trawlers,6599.531388888888,4307.148472222223,4307.148472222223,0,0
2014,701000785,trawlers,3086.4155555555535,1047.1179166666664,1047.1179166666664,0,0
2016,701000546,trawlers,7474.948472221698,1274.8395833333232,1274.8395833333232,0,0
2015,701000639,trawlers,4702.690555555462,2685.772638888861,2685.772638888861,0,0
2016,701006138,squid_jigger,3985.9566666666724,2599.7859722222283,2539.2247222222277,60.56125000000008,0
2015,701000875,trawlers,6420.1423611109285,1549.5840277777656,903.2762500000031,632.5972222222234,13.710555555555555
2016,701000626,purse_seines,4585.252499999846,2268.5409722221953,2268.5409722221953,0,0
2015,701006201,trawlers,1194.4049999999986,453.5652777777781,259.8443055555557,0,0
2015,701006605,pole_and_line,8760.656527777699,4291.32486111104,4289.683194444377,1.6416666666666662,0
2016,701000617,trawlers,8175.059861111023,3537.4199999999964,3159.757222222218,0,0
2015,701045000,drifting_longlines,8735.46819444438,3382.9626388888696,2795.793055555538,587.1695833333329,0
2014,701000652,trawlers,8435.795416666639,3418.371111111102,3418.371111111102,0,0
2015,701054000,trawlers,5689.250138888877,50.61125,50.61125,0,0
2016,701006145,trawlers,5184.914999999833,2302.1238888888956,2294.6537500000068,7.470138888888889,0
2014,701006119,trawlers,2276.9686111111114,191.55055555555558,191.55055555555558,0,0
2016,701000735,trawlers,8654.79805555465,3851.8918055554796,3727.8031944443746,124.08861111111123,0
2016,701000840,trawlers,5801.026527777583,2414.326944444412,2414.326944444412,0,0
2016,701006003,trawlers,6416.289444444011,2778.47319444433,2778.47319444433,0,0
2016,701006034,trawlers,4579.1769444442825,2036.4388888888625,2036.4388888888625,0,0
2014,701006183,squid_jigger,5064.102499999893,716.716666666666,559.793194444444,156.92347222222236,0
2016,701000717,drifting_longlines,8708.971388888554,3273.5466666666034,2956.730138888847,316.81652777777754,0
2014,701000717,drifting_longlines,8727.552638888856,944.566527777777,944.566527777777,0,0
2014,701006040,trawlers,7245.565277777752,2324.0256944444454,2324.0256944444454,0,0
2014,701000539,trawlers,6346.1965277777335,1875.8576388888866,1875.8576388888866,0,0
2016,701006582,trawlers,1602.3566666666666,599.2375,599.2375,0,0
2014,701000675,trawlers,5257.750277777776,249.22458333333336,181.5006944444445,67.72388888888888,0
2015,701000814,trawlers,988.0161111111148,579.0245833333349,579.0245833333349,0,0
2016,701000842,pole_and_line,1643.166388888889,244.13277777777782,244.13277777777782,0,0
2015,701000892,trawlers,2376.4333333333207,347.2518055555554,210.60583333333358,136.64597222222238,0
2015,701006068,trawlers,8164.8415277777585,2763.5948611111116,2763.5948611111116,0,0
2015,701006085,trawlers,5613.821805555493,978.4456944444452,758.851805555556,219.59388888888878,0
2014,701000528,trawlers,4311.690000000008,2103.2223611111076,2103.2223611111076,0,0
2014,701000674,trawlers,3977.7288888888866,912.1895833333335,777.8394444444447,104.59097222222223,29.759166666666665
2014,701000515,trawlers,7856.513055555538,3778.6752777777765,3778.6752777777765,0,0
2015,701006040,trawlers,8198.407777777516,2901.599999999994,2901.599999999994,0,0
2015,701006058,trawlers,6991.093888888664,3416.411527777716,3416.411527777716,0,0
2014,701000607,trawlers,5599.841388888895,2877.1373611111135,2877.1373611111135,0,0
2014,701000668,fixed_gear,4970.97638888886,2077.6879166666654,2077.6879166666654,0,0
2015,701006073,drifting_longlines,8532.842777777489,3423.249027777745,3300.8843055555226,122.3647222222224,0
2014,701006073,drifting_longlines,7794.384027777776,3681.4163888888884,3455.9931944444434,225.4231944444444,0
2014,701000870,trawlers,5351.180277777777,124.08388888888885,124.08388888888885,0,0
2014,701000932,trawlers,7084.133611111119,3828.40277777778,3828.40277777778,0,0
2014,701038000,trawlers,4770.301944444444,2784.597222222222,2784.597222222222,0,0
2014,701006568,trawlers,2102.5650000000014,76.72111111111113,76.72111111111113,0,0
2014,701000509,trawlers,6240.24180555555,2225.608055555556,2225.608055555556,0,0
2016,701000803,drifting_longlines,3996.3981944444013,1148.9769444444566,1148.9769444444566,0,0
2015,701000878,trawlers,4313.290000000001,1256.448333333333,783.8102777777782,462.6006944444444,10.03736111111111
2015,701031000,trawlers,8335.369166666394,4458.083472222179,3662.0073611110834,796.0761111111152,0
2015,701094000,trawlers,5433.285555555445,2008.9524999999744,2008.9524999999744,0,0
2015,701068000,trawlers,8720.775555555061,3907.8733333332534,3770.009583333264,137.17347222222224,0
2015,701000908,squid_jigger,3326.357499999997,721.7837500000002,600.3036111111112,121.48013888888897,0
2014,701000899,trawlers,5527.295277777773,2634.4208333333318,2634.4208333333318,0,0
2014,701000814,trawlers,4284.325833333338,2061.8827777777806,2061.8827777777806,0,0
2016,701024000,trawlers,8783.951111110695,4728.522638888623,4728.522638888623,0,0
2016,701000597,squid_jigger,8783.766388888396,1958.8770833333192,1950.7811111110982,8.095972222222226,0
2014,701070000,trawlers,3425.6802777777757,407.5406944444444,407.5406944444444,0,0
2016,701000938,trawlers,3888.540833333278,1261.9518055555582,1261.9518055555582,0,0
2015,701019000,trawlers,8764.505694444386,2070.8722222222095,2070.8722222222095,0,0
2016,701007026,squid_jigger,7714.272222221951,1554.5701388888883,1554.5701388888883,0,0
2015,701000872,fixed_gear,1782.1933333333334,17.66597222222222,17.66597222222222,0,0
2015,701030000,trawlers,6282.098611111082,2503.31541666667,2503.31541666667,0,0
2014,701000626,purse_seines,5890.900416666664,2243.3336111111116,2243.3336111111116,0,0
2014,701000615,trawlers,164.78388888888887,97.22652777777778,97.22652777777778,0,0
2014,701000850,trawlers,8403.107777777786,2389.329583333333,2389.329583333333,0,0
2015,701000725,trawlers,7969.120555555505,2735.844027777774,1392.1219444444444,0,0
2015,701000867,trawlers,2800.783055555561,537.0958333333334,266.1755555555556,270.92027777777764,0
2016,701000652,trawlers,8783.914166666373,3451.8823611111034,3451.8823611111034,0,0
2016,701000876,trawlers,3486.528472222206,1065.8662500000005,1065.8662500000005,0,0
2015,701000942,trawlers,681.1519444444446,373.5454166666666,373.5454166666666,0,0
2016,701019000,trawlers,5855.396527777614,1282.1279166666711,1282.1279166666711,0,0
2015,701006341,trawlers,8522.15777777771,3438.491944444443,3438.491944444443,0,0
2015,701000756,trawlers,7621.26527777768,1823.4519444444218,1823.4519444444218,0,0
2015,701006086,trawlers,7129.169027777576,2117.5308333333264,2117.5308333333264,0,0
2016,701006037,trawlers,8495.490972221492,2723.881944444421,2723.881944444421,0,0
2015,701006001,trawlers,1907.0872222222072,351.78402777777666,351.78402777777666,0,0
2014,701000840,trawlers,7114.9540277777805,1377.535416666667,1377.535416666667,0,0
2015,701007039,trawlers,3645.41805555553,1321.1862499999984,1321.1862499999984,0,0
2016,701000814,trawlers,3992.5008333333535,1983.8262499999992,1983.8262499999992,0,0
2014,701000545,trawlers,7880.633333333407,450.3058333333334,450.3058333333334,0,0
2014,701000745,trawlers,6378.895555555554,1439.8819444444434,1439.8819444444434,0,0
2015,701000791,trawlers,4842.549861111055,394.1944444444444,394.1944444444444,0,0
2015,701000950,trawlers,5136.221944444405,2019.4961111111043,2019.4961111111043,0,0
2016,701000596,trawlers,5696.99013888861,629.0502777777755,629.0502777777755,0,0
2015,701006063,trawlers,7725.303888888809,2634.0773611110994,2634.0773611110994,0,0
2015,701000539,trawlers,6948.811388888884,2637.353749999996,2637.353749999996,0,0
2015,701000663,trawlers,1813.7869444444523,750.6072222222214,703.7105555555548,46.89666666666668,0
2016,701000578,trawlers,1774.6891666666666,556.5451388888883,556.5451388888883,0,0
2014,701006038,trawlers,7633.98180555554,2800.7955555555563,2800.7955555555563,0,0
2015,701000729,trawlers,4655.437777777759,2267.879305555551,2267.879305555551,0,0
2015,701000834,trawlers,1336.8266666666364,440.8715277777749,440.8715277777749,0,0
2016,701000583,trawlers,8267.974722222167,3003.4979166666562,3003.4979166666562,0,0
2014,701006145,trawlers,4269.895000000002,518.7869444444444,493.0102777777777,19.87944444444445,5.897222222222222
2014,701000689,trawlers,8755.265138888666,568.6270833333332,545.297083333333,23.329999999999995,0
2014,701094000,trawlers,7624.459305555528,2780.239861111114,2780.239861111114,0,0
2014,701000778,trawlers,8353.88041666651,3650.922499999997,3650.922499999997,0,0
2014,701000940,trawlers,4415.380833333335,508.45666666666676,419.15111111111116,89.30555555555557,0
2015,701000631,trawlers,4995.29333333332,962.8790277777775,644.3291666666668,318.54986111111117,0
2016,701006094,trawlers,6296.807499999739,3619.855555555479,3619.855555555479,0,0
2016,701096000,trawlers,5540.726666666083,2848.9113888888364,2848.9113888888364,0,0
2016,701000885,trawlers,1065.5683333333316,2.9181944444444445,2.9181944444444445,0,0
2015,701000728,trawlers,6482.560833333255,1364.5552777777787,1364.5552777777787,0,0
2014,701078000,trawlers,7093.652638888873,2298.198055555551,2298.198055555551,0,0
2014,701006063,trawlers,7441.243333333337,2284.6447222222214,2284.6447222222214,0,0
2015,701006637,drifting_longlines,3994.063749999861,1053.1948611111393,1053.1948611111393,0,0
2016,701000765,trawlers,8685.849444443578,2575.397222222218,2575.397222222218,0,0
2014,701000720,drifting_longlines,5085.200555555507,2056.203055555562,2056.203055555562,0,0
2014,701000636,trawlers,5263.433333333334,1210.7249999999995,1210.7249999999995,0,0
2015,701000925,trawlers,5292.923472222205,2750.7274999999927,2750.7274999999927,0,0
2014,701000885,trawlers,544.5865277777772,9.326111111111109,9.326111111111109,0,0
2015,701000928,trawlers,4686.2741666665925,2316.3048611110926,2316.3048611110926,0,0
2014,701037000,trawlers,7691.439027777727,2909.8018055555594,2707.133194444444,201.33180555555563,1.3368055555555556
2016,701000591,trawlers,8680.92486111085,2933.456666666633,2933.456666666633,0,0
2014,701007026,squid_jigger,7013.028194444432,996.0644444444446,935.8173611111112,60.24708333333333,0
2015,701000837,trawlers,8116.233333333081,3280.358194444446,3276.6086111111126,0,0
2015,701006204,trawlers,4685.786666666555,2417.150555555515,2417.150555555515,0,0
2014,701006182,trawlers,8528.298472222197,4300.423611111108,3592.919999999999,682.7998611111116,21.60458333333333
2016,701000587,drifting_longlines,5503.638055555168,1723.0461111110974,1723.0461111110974,0,0
2014,701006058,trawlers,6675.00249999998,3038.6983333333337,3038.6983333333337,0,0
2016,701000632,trawlers,3320.46833333331,808.0122222222236,805.6440277777792,2.3681944444444456,0
2016,701000729,trawlers,6027.875277777532,3119.793472222163,3119.793472222163,0,0
2015,701006385,fixed_gear,8759.90152777769,3507.5173611110617,3507.5173611110617,0,0
2015,701006094,trawlers,6425.394999999795,3846.726805555503,3846.726805555503,0,0
2016,701000872,fixed_gear,2732.4465277777795,86.1890277777778,86.1890277777778,0,0
2014,701000902,trawlers,7671.09097222217,2854.793333333337,2854.793333333337,0,0
2016,701000959,trawlers,4291.946666666639,1534.1054166666643,1521.3555555555524,12.74986111111111,0
2015,701000619,trawlers,4864.049999999928,2263.378472222206,2263.378472222206,0,0
2016,701000942,trawlers,3947.809166666666,9.475277777777778,9.475277777777778,0,0
2016,701068000,trawlers,8784.039861110226,4630.042916665881,4349.212916665991,280.82999999999845,0
2016,701006204,trawlers,3824.2783333332777,2030.3747222221994,2030.3747222221994,0,0
2015,701000901,trawlers,8656.336527777592,4093.6399999999717,3491.7813888888477,601.8586111111114,0
2014,701000627,trawlers,8735.685138888879,4639.522638888892,4197.337361111115,442.1852777777776,0
2014,701006034,trawlers,5997.569027777776,2232.8213888888886,2232.8213888888886,0,0
2016,701006066,trawlers,8557.083888888037,782.1083333333355,782.1083333333355,0,0
2016,701006046,trawlers,8169.2218055543535,3628.930277777702,3462.258888888818,166.67138888888888,0
2015,701007040,trawlers,7815.273888888802,2761.8679166666625,2761.8679166666625,0,0
2014,701000578,trawlers,5395.279166666649,1255.5608333333337,1255.5608333333337,0,0
2014,701000531,trawlers,8315.595000000014,2600.6644444444423,2600.6644444444423,0,0
2015,701000732,trawlers,8764.698472222273,3353.8169444443984,3264.901111111069,88.91583333333342,0
2015,701000940,trawlers,8477.853888888496,896.8202777777805,896.8202777777805,0,0
2016,701007028,trawlers,2414.864444444447,41.25222222222222,41.25222222222222,0,0
2015,701038000,trawlers,4060.6363888888873,2254.5287500000004,2254.5287500000004,0,0
2015,701006640,trawlers,3509.7719444444447,1518.1384722222224,1109.6870833333328,0,0
2016,701000713,drifting_longlines,7645.950416666263,5165.001944444352,5136.944166666579,0,22.311666666666664
2016,701006215,purse_seines,3033.466388888893,262.7097222222221,262.7097222222221,0,0
2014,701006377,trawlers,7120.512638888875,3184.3351388888873,3184.3351388888873,0,0
2014,701000948,trawlers,7829.847916666652,530.357222222222,491.3526388888886,39.004583333333336,0
2014,701000553,trawlers,5001.389166666668,2653.729166666667,2653.729166666667,0,0
2016,701000732,trawlers,8597.62249999932,4331.655555555477,4036.1222222221454,295.5333333333325,0
2015,701000949,trawlers,6557.624722222052,3132.3362499999716,3132.3362499999716,0,0
2016,701006084,trawlers,6054.308472221666,1709.9913888888693,1709.9913888888693,0,0
2015,701000660,trawlers,5646.712499999939,2650.199583333314,2650.199583333314,0,0
2016,701000677,trawlers,6106.322777777619,1706.5529166666665,1700.359166666667,6.1937500000000005,0
2016,701000550,trawlers,4624.71972222191,1861.3465277777348,1861.3465277777348,0,0
2016,701537000,trawlers,2244.2941666666784,44.704027777777746,44.704027777777746,0,0
2015,701000844,trawlers,2671.5827777777818,1004.4095833333331,621.6663888888886,0,0
2014,701000591,trawlers,8599.04708333336,3143.681805555554,3143.681805555554,0,0
2015,701000902,trawlers,7692.116111110909,2533.353333333323,2533.353333333323,0,0
2014,701000925,trawlers,6411.4513888888905,2316.5794444444464,2316.5794444444464,0,0
2014,701006061,trawlers,8223.221666666685,2708.834305555558,2708.834305555558,0,0
2016,701038000,trawlers,1555.8700000000003,905.6994444444448,905.6994444444448,0,0
2015,701000899,trawlers,5554.036111111084,2843.866388888891,2843.866388888891,0,0
2014,701007039,trawlers,3832.634722222214,1100.2515277777763,1100.2515277777763,0,0
2014,701000949,trawlers,7817.943611111103,3323.008194444444,3323.008194444444,0,0
2016,701000612,trawlers,4880.535277777639,2906.4047222222,2906.4047222222,0,0
2016,701006183,squid_jigger,4529.230555555453,2136.3691666666477,2136.3691666666477,0,0
2015,701006139,trawlers,3558.8916666666387,938.0647222222245,792.1655555555575,145.8991666666668,0
2016,701000549,trawlers,5978.2083333328455,2005.7486111110727,2005.7486111110727,0,0
2015,701006060,drifting_longlines,4645.519444444415,2624.141388888887,2624.141388888887,0,0
2016,701000628,trawlers,3612.16888888881,879.5708333333465,879.5708333333465,0,0
2016,701000834,trawlers,4452.706249999837,1029.4693055555451,1029.4693055555451,0,0
2016,701006144,squid_jigger,6585.247499999283,1814.9127777777715,1801.0722222222162,13.840555555555556,0
2016,701006151,trawlers,2004.9805555555565,574.3887500000002,574.3887500000002,0,0
2016,701045000,drifting_longlines,8047.656388888787,3964.5336111110632,3470.825138888839,493.70847222222216,0
2014,701006144,squid_jigger,4109.095000000002,894.8770833333338,769.1787500000003,125.69833333333338,0
2016,701000535,trawlers,2231.4944444444436,60.395833333333336,60.395833333333336,0,0
2016,701000687,trawlers,4059.9688888888068,1636.9963888888733,1636.9963888888733,0,0
2015,701000764,trawlers,7867.421805555527,3145.19874999998,3145.19874999998,0,0
2014,701006020,trawlers,7233.510833333265,2730.6840277777746,2730.6840277777746,0,0
2015,701006074,trawlers,5628.423055555365,2041.427083333314,2041.427083333314,0,0
2014,701000901,trawlers,8672.599166666656,4127.320972222225,3545.5133333333347,581.807638888889,0
2014,701000823,trawlers,8485.43680555533,3321.738611111118,2913.512777777782,408.2258333333319,0
2016,701000856,trawlers,5629.409444444325,2856.381944444444,2856.381944444444,0,0
2014,701000960,trawlers,6755.82916666667,3327.928333333333,3327.928333333333,0,0
2016,701000743,trawlers,3190.8774999999796,119.95055555555568,119.95055555555568,0,0
2016,701007022,trawlers,5680.117916666348,3232.068749999963,3232.068749999963,0,0
2016,701000515,trawlers,6452.138888888744,2865.31569444444,2865.31569444444,0,0
2016,701006568,trawlers,2112.3077777777767,983.2844444444445,983.2844444444445,0,0
2016,701000642,trawlers,4939.299722221954,2325.2009722221774,2325.2009722221774,0,0
2016,701000756,trawlers,8662.935277777471,3486.169583333257,3486.169583333257,0,0
2016,701000539,trawlers,7371.248472221857,3059.133055555544,3059.133055555544,0,0
2015,701000668,fixed_gear,5173.7344444442915,2378.15694444443,2378.15694444443,0,0
2016,701000919,trawlers,5291.788472221562,1879.049999999963,1879.049999999963,0,0
2016,701000916,trawlers,7915.684999999582,2415.9572222222087,2415.9572222222087,0,0
2014,701000818,trawlers,7851.88666666666,2135.232916666667,2135.232916666667,0,0
2016,701006068,trawlers,7298.43458333335,2804.1965277777813,2804.1965277777813,0,0
2014,701000856,trawlers,3698.612777777769,1018.2262500000005,1018.2262500000005,0,0
2016,701000525,trawlers,2863.82361111108,747.4441666666687,745.5381944444464,0,0
2016,701007044,trawlers,6357.679999999857,3296.809861111106,3296.809861111106,0,0
2014,701006468,trawlers,8710.007499999987,2183.4006944444445,2183.4006944444445,0,0
2014,701006138,squid_jigger,3501.159444444446,1161.6936111111115,1157.233055555556,4.460555555555556,0
2016,701006640,trawlers,8486.23111111111,3621.7951388888882,2985.982916666667,0,0
2014,701000805,trawlers,5383.866944444406,2195.3145833333465,2195.3145833333465,0,0
2015,701000535,trawlers,2157.0666666666716,143.02041666666662,143.02041666666662,0,0
2014,701000691,trawlers,8002.356805555526,936.5388888888892,742.6304166666671,193.90847222222206,0
2015,701000512,drifting_longlines,6501.913055555539,4032.2426388888844,3694.5691666666635,337.6734722222222,0
2015,701000612,trawlers,4421.128333333311,2026.9422222222042,2026.9422222222042,0,0
2016,701100000,trawlers,5673.04916666609,2357.6674999999395,2357.6674999999395,0,0
2016,701000516,trawlers,5542.198888888441,3087.7569444443297,3087.7569444443297,0,0
2014,701006151,trawlers,4849.564444444447,921.8340277777775,883.5412499999996,38.29277777777778,0
2014,701027000,trawlers,7997.336111111064,3601.9148611111195,3441.7945833333424,159.34513888888875,0
2016,701000945,squid_jigger,3876.19888888883,2188.237361111097,2167.0255555555404,0,21.211805555555554
2016,701000673,trawlers,384.39944444444444,0.4247222222222222,0.4247222222222222,0,0
2015,701000642,trawlers,5814.823055555463,2493.312083333316,2493.312083333316,0,0
2016,701000620,trawlers,8065.929861110804,3825.194583333313,3825.194583333313,0,0
2014,701000756,trawlers,8589.629722222218,3401.5175000000013,3401.5175000000013,0,0
2015,701000591,trawlers,8538.047499999953,2862.197361111107,2862.197361111107,0,0
2016,701000543,trawlers,5154.242777777765,577.6712499999984,577.6712499999984,0,0
2014,701018000,drifting_longlines,8760.12194444439,0.6995833333333333,0.6995833333333333,0,0
2015,701006056,trawlers,8132.642083333209,717.1986111111124,701.6579166666676,15.540694444444444,0
2016,701000844,trawlers,3732.2783333333387,1965.2793055555555,1080.9923611111112,0,0
2014,701006069,squid_jigger,4739.361944444452,447.9743055555555,447.9743055555555,0,0
2015,701006377,trawlers,4171.915277777751,2154.6174999999957,2154.6174999999957,0,0
2015,701000962,squid_jigger,1944.0466666666532,365.85166666666674,202.44333333333282,163.40833333333325,0
2016,701000725,trawlers,8506.871388888787,3451.1918055555525,1816.450972222222,0,0
2016,701006143,squid_jigger,6723.246805554801,1642.4102777777775,1636.2074999999995,6.2027777777777775,0
2014,701000562,trawlers,7556.10624999998,2204.11236111111,2204.11236111111,0,0
2016,701000698,trawlers,3275.575000000002,736.2736111111117,736.2736111111117,0,0
2015,701006143,squid_jigger,5197.29236111099,348.32166666666706,270.34972222222245,77.97194444444449,0
2016,701000831,trawlers,7648.10902777711,1830.422499999964,1830.422499999964,0,0
2014,701006149,trawlers,7913.759444444176,616.7636111111113,455.0808333333331,143.73638888888885,17.94638888888889
2016,701006385,fixed_gear,5106.693333333192,2378.1383333333456,2378.1383333333456,0,0
2014,701000735,trawlers,7051.542222222018,3062.8322222222278,2651.341666666676,411.49055555555503,0
2015,701023000,drifting_longlines,5385.265833333328,1865.5841666666663,1497.1155555555558,331.89013888888894,36.57847222222222
2014,701006001,trawlers,2789.098055555558,408.43708333333325,408.43708333333325,0,0
2015,701006007,trawlers,6483.977777777778,2437.5224999999987,2437.5224999999987,0,0
2015,701000948,trawlers,7926.495972222159,741.1947222222258,650.151111111113,91.04361111111116,0
2014,701007022,trawlers,5479.197500000002,2410.7295833333333,2410.7295833333333,0,0
2016,701000666,trawlers,6310.406944444348,3478.9856944444236,3478.9856944444236,0,0
2016,701006615,trawlers,3873.0905555555355,2080.9044444444385,2080.9044444444385,0,0
2015,701006138,squid_jigger,2905.428888888856,1309.2230555555602,1177.5750000000032,128.8400000000002,2.8080555555555557
2014,701000511,trawlers,8091.41694444444,2983.9575000000013,2983.9575000000013,0,0
2014,701006046,trawlers,8693.400416666553,3447.1916666666684,3022.047361111111,425.14430555555555,0
2015,701000588,fixed_gear,5519.283333333263,3312.1465277777515,3312.1465277777515,0,0
2015,701006066,trawlers,6844.556805555341,1631.1655555555599,1631.1655555555599,0,0
2016,701000686,trawlers,6281.467083333061,2682.2575000000006,2682.2575000000006,0,0
2016,701006698,drifting_longlines,2445.146388888827,589.8408333333398,589.8408333333398,0,0
2016,701006605,pole_and_line,8677.358888888071,5294.905833333177,5234.284444444291,0,60.62138888888887
2016,701006300,trawlers,2103.96722222223,557.7376388888872,557.7376388888872,0,0
2016,701006069,squid_jigger,5079.101944444372,1608.4768055555376,1608.4768055555376,0,0
2016,701000639,trawlers,5807.692222221525,3290.7302777776436,3290.7302777776436,0,0
2014,701000577,trawlers,6192.298055555551,3995.678333333334,3995.678333333334,0,0
2015,701000696,trawlers,5283.039999999967,2572.744166666651,2572.744166666651,0,0
2016,701000731,trawlers,4528.443055555499,1475.9344444444278,1475.9344444444278,0,0
2016,701000588,fixed_gear,6956.226666666638,2153.3672222222217,2153.3672222222217,0,0
2015,701006468,trawlers,7609.444166666626,2461.719999999984,2461.719999999984,0,0
2014,701000529,trawlers,5798.114444444418,2025.265694444445,2025.265694444445,0,0
2014,701006056,trawlers,4094.905555555556,828.0611111111114,792.324166666667,35.73694444444445,0
2015,701000549,trawlers,8434.460138888557,2987.960555555539,2987.960555555539,0,0
2016,701007014,trawlers,14137.979305554903,1246.6390277777773,1246.6390277777773,0,0
2015,701006005,trawlers,5412.989166666389,2171.315277777737,2171.315277777737,0,0
2016,701000662,trawlers,5918.5338888887345,2257.747638888863,2257.747638888863,0,0
2014,701000764,trawlers,6199.254444444444,2478.362083333334,2478.362083333334,0,0
2014,701000632,trawlers,3632.9455555555533,1098.9680555555549,777.3088888888893,321.65916666666664,0
2014,701000596,trawlers,5124.99416666663,470.1219444444443,438.86305555555566,31.258888888888887,0
2016,701000680,squid_jigger,4014.3536111110975,2466.6406944444343,2466.6406944444343,0,0
2016,701108000,trawlers,7384.841527777326,2813.4827777777145,2813.4827777777145,0,0
2015,701000929,purse_seines,8423.609027777295,404.990694444444,404.990694444444,0,0
2016,701000646,trawlers,6462.301805555053,1552.1755555555446,1552.1755555555446,0,0
2016,701000932,trawlers,6890.123749999848,3726.7705555555294,3726.7705555555294,0,0
2015,701006059,trawlers,6079.255833333278,3238.0509722222,3238.0509722222,0,0
2015,701000857,trawlers,6771.507916666667,392.1658333333334,316.0408333333334,76.12500000000001,0
2016,701000512,drifting_longlines,8190.857222222133,3852.9198611110714,3610.8922222221927,242.02763888888822,0
2016,701006026,trawlers,6968.844722222154,2741.5198611111155,2741.5198611111155,0,0
2016,701006149,trawlers,5917.063194444343,1715.2383333333305,1713.6197222222197,1.6186111111111112,0
2014,701006143,squid_jigger,8622.717777777745,906.7238888888884,685.1018055555551,221.62208333333334,0
2015,701000511,trawlers,8575.323888888819,2695.287222222222,2695.287222222222,0,0
2016,701000668,fixed_gear,5090.876388888684,2661.4227777777264,2661.4227777777264,0,0
2014,701000597,squid_jigger,7881.7195833333535,1335.7338888888894,1236.608888888889,99.12500000000001,0
2014,701000681,trawlers,4477.27138888888,1292.3409722222236,1178.957500000001,82.4013888888889,30.982083333333335
2015,701000907,trawlers,5746.303888888748,762.2052777777781,578.9838888888893,183.22138888888884,0
2016,701006147,trawlers,1921.1944444444466,995.7695833333335,995.7695833333335,0,0
2014,701096000,trawlers,5618.524722222162,2873.71930555556,2873.71930555556,0,0
2014,701006133,trawlers,4464.247777777777,661.9187499999998,661.9187499999998,0,0
2014,701006074,trawlers,4275.5975000000035,2213.089861111119,2213.089861111119,0,0
2014,701537000,trawlers,5658.396388888876,61.764583333333334,61.764583333333334,0,0
2016,701000907,trawlers,6561.799166666616,1434.6045833333364,1434.6045833333364,0,0
2015,701006582,trawlers,3141.6399999999994,953.0034722222223,953.0034722222223,0,0
2016,701000529,trawlers,6248.983333333163,1043.4375,1043.4375,0,0
2016,701000924,trawlers,4369.213333333297,1270.8781944444452,1117.0716666666676,0,0
2015,701000720,drifting_longlines,4882.131388888773,1892.3473611110821,1892.3473611110821,0,0
2016,701042000,trawlers,4899.857361110961,2284.534027777731,2131.334305555515,153.1997222222225,0
2014,701000732,trawlers,6606.7933333333285,3130.299027777796,2743.484861111111,386.8141666666665,0
2015,701000742,trawlers,5486.714999999986,3560.942777777758,3560.942777777758,0,0
2015,701006061,trawlers,8644.408611110992,2529.745972222204,2529.745972222204,0,0
2014,701006147,trawlers,3211.5786111111047,263.1404166666666,263.1404166666666,0,0
2014,701000672,squid_jigger,3938.5088888888845,589.6944444444446,481.23055555555567,108.4638888888889,0
2014,701000849,trawlers,7523.47125,1956.5687499999992,1956.5687499999992,0,0
2014,701007040,trawlers,7789.158472222182,2202.0426388888864,2202.0426388888864,0,0
2016,701006445,trawlers,3063.555277777712,2176.282499999962,2058.3781944443976,117.90430555555555,0
2016,701000649,trawlers,5656.246388888558,3182.0831944444003,3182.0831944444003,0,0
2016,701007036,trawlers,8628.625833333313,2615.5055555555573,2615.5055555555573,0,0
2016,701000506,trawlers,2599.8494444444445,456.7994444444445,456.7994444444445,0,0
2015,701000543,trawlers,5060.43638888888,711.3198611111108,711.3198611111108,0,0
2014,701000561,trawlers,8252.578888888944,1588.205277777784,1588.205277777784,0,0
2016,701000820,trawlers,8500.448749999834,2825.431805555567,2825.431805555567,0,0
2014,701000546,trawlers,4701.633055555512,2126.7697222222328,2126.7697222222328,0,0
2014,701006037,trawlers,8317.899722222133,2929.3545833333274,2929.3545833333274,0,0
2016,701000800,fixed_gear,5307.582499999785,3093.7043055555287,3093.7043055555287,0,0
2015,701000919,trawlers,4702.744722222067,2319.7230555555257,2319.7230555555257,0,0
2016,701006139,trawlers,5159.974166666633,1153.248611111108,1153.248611111108,0,0
