year,mmsi,fishing_hours_mpa_1,fishing_hours_mpa_2,fishing_hours_mpa_3,fishing_hours_mpa_4,fishing_hours_mpa_5,fishing_hours_mpa_6,fishing_hours_mpa_7,fishing_hours_mpa_8,fishing_hours_mpa_10,fishing_hours_mpa_11,fishing_hours_mpa_12,fishing_hours_mpa_13,fishing_hours_mpa_14
2014,701000509,1.562638888888889,1.562638888888889,417.67,0,0,0,0,0,0,0,0,0,0
2014,701000511,5.928194444444444,5.928194444444444,191.63680555555555,3.1734722222222222,0,0,0,0,0,30.953055555555554,30.953055555555554,0,0
2014,701000512,0,0,983.0047222222222,0,0,0,0,0,0,0,0,0,0
2014,701000515,0,0,0,0,0,0,0,0,234.97555555555556,445.78875,297.25555555555553,0,0
2014,701000516,0,0,0,0,0,0,0,0,198.15333333333334,273.145,138.7625,0,0
2014,701000517,0,0,226.9688888888889,6.402916666666666,0,0,0,0,0,0,0,0,0
2014,701000528,0,0,0,0,0,0,0,0,170.56819444444443,16.951944444444443,15.35361111111111,0,0
2014,701000529,0,0,379.36541666666665,12.71513888888889,0,0,0,0,0,15.399166666666666,15.399166666666666,0,0
2014,701000531,0,0,258.2726388888889,0,0,0,0,0,0,13.150833333333333,13.150833333333333,0,0
2014,701000535,0,0,15.540277777777776,1.9441666666666666,0,0,0,0,0,0,0,0,0
2014,701000537,0,0,270.67861111111114,1.5172222222222222,0,0,0,0,0,96.5038888888889,0,0,0
2014,701000539,0,0,0,0,0,0,0,0,29.038055555555555,331.3425,230.1148611111111,0,0
2014,701000543,0,0,39.42875,0,0,0,0,0,0,1.2318055555555556,0,0,0
2014,701000545,0,0,111.9661111111111,0,0,0,0,0,0,0,0,0,0
2014,701000546,0,0,0,0,0,0,0,0,90.08305555555556,236.25916666666666,98.69805555555556,0,0
2014,701000547,0,0,81.80041666666666,10.932083333333335,0,0,0,0,0,0,0,0,0
2014,701000549,0,0,0,0,0,0,0,0,153.59652777777777,268.14972222222224,94.11902777777777,0,0
2014,701000550,0,0,0,0,0,0,0,0,90.33138888888888,277.7961111111111,139.45180555555555,0,0
2014,701000551,0,0,194.14236111111111,0,0,0,0,0,0,0,0,0,0
2014,701000553,0,0,0,0,0,0,0,0,146.4451388888889,125.75069444444445,57.999583333333334,0,0
2014,701000561,0,0,0,0,0,0,0,0,134.99166666666667,0.16819444444444445,0,0,0
2014,701000562,0,0,0,0,0,0,0,0,81.48291666666667,125.12944444444445,50.40902777777778,0,0
2014,701000564,0,0,18.891388888888887,0,0,0,0,0,0,0,0,0,0
2014,701000577,0,0,1169.8372222222222,961.0643055555555,0,0,0,0,0,0,0,0,0
2014,701000578,0,0,109.5898611111111,6.887777777777777,0,0,0,0,0,0,0,0,0
2014,701000580,0,0,0,0,0,0,0,0,135.12944444444443,78.90375,31.363055555555555,0,0
2014,701000583,0,0,212.68319444444444,0,0,0,0,0,0,0,0,0,0
2014,701000585,0,0,0,0,0,0,0,0,400.83486111111114,0,0,0,0
2014,701000591,0,0,612.9091666666667,4.045694444444444,0,0,0,0,0,71.05875,71.05875,0,0
2014,701000596,0,0,33.2875,0,0,0,0,0,0,0,0,0,0
2014,701000607,0,0,0,0,0,0,0,0,214.74291666666667,306.42791666666665,140.10472222222222,0,6.226527777777778
2014,701000612,0,0,0,0,0,0,0,0,146.17472222222221,867.9686111111112,587.4969444444445,0,0
2014,701000619,0,0,0,0,0,0,0,0,412.38125,289.71555555555557,166.42694444444444,0,0
2014,701000620,0,0,1189.9330555555555,626.4486111111111,0,0,0,0,0,0,0,0,0
2014,701000623,0,0,48.38638888888889,0,0,0,0,0,0,0,0,0,0
2014,701000626,0,0,0,0,0,0,0,0,144.06527777777777,247.85916666666668,102.69222222222223,0,0
2014,701000627,0,0,0,0,24.839583333333334,1841.1876388888888,22.41777777777778,243.2176388888889,0,0,0,0,0
2014,701000628,1.5999999999999999,1.5999999999999999,828.0891666666666,0.6969444444444444,0,0,0,0,0,6.484583333333333,0,0,0
2014,701000629,0,1.5372222222222223,272.2734722222222,0,0,0,0,0,1.2715277777777778,0,0,0,0
2014,701000631,0,7.9504166666666665,35.650416666666665,0,0,0,0,0,0,0,0,0,0
2014,701000632,0,0,95.98347222222223,0,0,0,0,0,0,0,0,0,0
2014,701000636,0,0,138.48527777777778,0,0,0,0,0,0,0,0,0,0
2014,701000639,0,0,0,0,0,0,0,0,201.0251388888889,361.325,183.1484722222222,0,0
2014,701000642,0,0,0,0,0,0,0,0,110.71236111111111,227.63611111111112,125.88430555555556,0,0
2014,701000645,0,0,0,0,0,0,0,0,271.4456944444444,239.85708333333332,117.30972222222222,0,0
2014,701000646,0,0,0,0,0,0,0,0,207.4572222222222,241.8048611111111,124.83319444444444,0,0
2014,701000649,0,0,0,0,0,0,0,0,144.40777777777777,300.6376388888889,142.8409722222222,0,0
2014,701000651,0,0,0,0,0,0,0,0,60.75013888888889,190.89055555555555,64.50097222222222,0,0
2014,701000652,0,0,0,0,0,0,0,0,198.15277777777777,346.6308333333333,192.02527777777777,0,0
2014,701000658,0,0,0,0,0,0,0,0,172.895,504.4075,219.8401388888889,0,0
2014,701000660,0,0,0,0,0,0,0,0,47.19416666666667,498.68097222222224,268.06652777777776,0,0
2014,701000662,0,0,0,0,0,0,0,0,154.84319444444444,361.4244444444444,131.86,0,0
2014,701000663,0,0,125.54458333333334,0,0,0,0,0,0,0,0,0,0
2014,701000666,0,0,0,0,0,0,0,0,139.76430555555555,519.6958333333333,311.5966666666667,0,0
2014,701000667,4.545972222222222,4.545972222222222,286.8338888888889,0,0,0,0,0,0,0,0,0,0
2014,701000668,0,0,0,0,0,0,0,0,242.52027777777778,218.30791666666667,68.71041666666666,0,0
2014,701000672,0,0,147.94361111111112,0,0,0,0,0,0,0,0,0,0
2014,701000674,0,44.74458333333333,58.357083333333335,0,0,0,0,0,0,0,0,0,0
2014,701000680,0,31.03097222222222,15.096805555555557,0,0,0,0,0,0,0,0,0,0
2014,701000681,0,40.26916666666666,51.844861111111115,0,0,0,0,0,0,0,0,0,0
2014,701000686,0,0,0,0,0,0,0,0,171.15083333333334,266.8855555555556,95.40125,0,0
2014,701000687,0,0,0,0,0,0,0,0,110.85111111111111,305.4651388888889,153.71958333333333,0,0
2014,701000689,0,0,6.200694444444444,0,0,0,0,0,0,0,0,0,0
2014,701000708,0,0,0,0,0,0,0,0,123.15416666666667,246.32958333333335,50.775416666666665,0,0
2014,701000713,0,134.76555555555555,122.59958333333333,199.21138888888888,302.65166666666664,81.85555555555555,5.881666666666667,403.67305555555555,0,0,0,0,0
2014,701000717,0,0,57.00430555555556,0,0,0,0,0,0,0,0,0,0
2014,701000720,0,0,0,0,0,0,0,0,58.12875,225.98833333333334,76.95902777777778,0,0
2014,701000725,0,0,0,0,0,0,0,0,0,10.880972222222223,0,0,0
2014,701000729,0,0,0,0,0,0,0,0,210.51055555555556,272.4665277777778,173.11055555555555,0,0
2014,701000732,0,0,465.41291666666666,10.598749999999999,0,0,0,0,0,0,0,0,0
2014,701000735,0,0,418.45875,4.952361111111111,0,106.84958333333333,1.5637500000000002,0,0,0,0,0,0
2014,701000742,0,0,0,0,0,0,0,0,161.09319444444444,314.0375,160.4711111111111,0,0
2014,701000743,0,0,80.69083333333333,17.809444444444445,0,0,0,0,0,0,0,0,0
2014,701000745,0,0,0,0,0,0,0,0,57.24208333333333,108.36111111111111,93.59472222222222,0,0
2014,701000753,0,0,0,0,0,0,0,0,484.01652777777775,334.87194444444447,263.06625,0,0
2014,701000755,0,0,115.56541666666666,0,0,0,0,0,0.9897222222222222,59.92125,59.92125,0,0
2014,701000756,0,0,555.9901388888889,6.482777777777778,0,0,0,0,0,39.26847222222222,39.26847222222222,0,0
2014,701000764,0,0,0,0,0,0,0,0,335.06375,368.90875,214.37583333333333,0,0
2014,701000765,0,0,81.12194444444444,0,0,0,0,0,0,35.689305555555556,35.689305555555556,0,0
2014,701000768,0,0,86.83,0,0,0,0,0,0,0,0,0,0
2014,701000772,0,0,0,0,0,0,0,0,113.8176388888889,331.02972222222223,155.83402777777778,0,0
2014,701000785,0,0,0,0,0,0,0,0,94.30486111111111,232.9886111111111,157.1925,0,0
2014,701000786,4.610694444444444,4.610694444444444,367.3197222222222,0,0,0,0,0,0,0,0,0,0
2014,701000791,0,0,40.901250000000005,0,0,0,0,0,0,243.45402777777778,239.65013888888888,0,0
2014,701000794,1.5915277777777779,1.6495833333333334,300.0709722222222,8.162777777777778,0,0,0,0,0,22.543472222222224,22.543472222222224,0,0
2014,701000805,0,0,0,0,0,0,0,0,141.54472222222222,189.52527777777777,100.51013888888889,0,0
2014,701000808,0,0,5.636111111111111,0,0,0,0,0,0,0,0,0,0
2014,701000814,0,0,0,0,0,0,0,0,142.01541666666665,263.5595833333333,124.97041666666667,0,0
2014,701000818,0,0,182.67333333333335,16.57888888888889,0,0,0,0,0,50.80930555555556,0,0,0
2014,701000823,5.609305555555555,7.234305555555555,401.0833333333333,0,0,0,0,0,1.1268055555555556,0,0,0,0
2014,701000830,0,0,0,0,0,0,0,0,159.04944444444445,527.2826388888889,395.8254166666667,0,0
2014,701000834,0,0,238.51583333333332,0,0,0,0,0,0,0,0,0,0
2014,701000835,0,0,0,0,0,0,0,0,0,15.635833333333334,15.635833333333334,0,0
2014,701000840,0,0,0,0,0,0,0,0,137.15680555555556,36.06625,10.719444444444445,0,0
2014,701000849,0,0,361.1713888888889,0,0,0,0,0,0,0,0,0,0
2014,701000850,0,0,299.8204166666667,21.22611111111111,0,0,0,0,0,70.89375,70.89375,0,0
2014,701000856,0,0,0,0,0,0,0,0,253.12152777777777,93.05875,32.87486111111111,0,0
2014,701000857,0,26.85666666666667,42.205,0,0,0,0,0,0,0,0,0,0
2014,701000865,1.6234722222222224,1.6234722222222224,441.6197222222222,31.520416666666666,0,0,0,0,0,0,0,0,0
2014,701000867,0,0,65.82541666666667,0,0,0,0,0,0,0,0,0,0
2014,701000869,0,0,0,0,0,0,0,0,260.38069444444443,51.56930555555555,10.876805555555555,0,0
2014,701000875,0,0,63.70763888888889,0,0,0,0,0,0,0,0,0,0
2014,701000878,0,0,95.97513888888889,0,0,0,0,0,0,0,0,0,0
2014,701000882,0,0,0,0,0,0,0,0,305.3809722222222,343.3565277777778,181.20652777777778,0,0
2014,701000884,0,0,97.54486111111112,0,0,0,0,0,0,0,0,0,0
2014,701000885,0,0,0,0,0,0,0,0,0,4.8909722222222225,0,0,0
2014,701000894,0,0,0,0,0,0,0,0,0,17.19375,17.19375,0,0
2014,701000899,0,0,0,0,0,0,0,0,249.0376388888889,344.2636111111111,210.3125,0,0
2014,701000900,0,0,0,0,0,0,0,0,7.18875,47.78680555555555,47.78680555555555,0,0
2014,701000901,0,3.5358333333333336,706.5729166666666,5.698888888888889,0,0,0,0,0,0,0,0,0
2014,701000902,0,0,343.3411111111111,88.56902777777778,0,0,0,0,0,28.25986111111111,26.658194444444444,0,0
2014,701000907,0,0,47.16833333333334,0,0,0,0,0,0,0,0,0,0
2014,701000908,0,0,96.68208333333334,0,0,0,0,0,0,0,0,0,0
2014,701000916,0,0,0,0,0,0,0,0,231.21347222222224,189.53333333333333,88.79680555555555,0,0.9456944444444445
2014,701000919,0,0,0,0,0,0,0,0,207.76180555555555,141.55708333333334,60.70708333333334,0,0.5693055555555555
2014,701000925,0,0,0,0,0,0,0,0,315.14916666666664,426.8722222222222,223.76166666666666,0,0
2014,701000927,0,0,11.62138888888889,0,0,0,0,0,0,0,0,0,0
2014,701000928,0,0,0,0,0,0,0,0,195.64916666666667,363.21833333333336,239.35999999999999,0,0
2014,701000932,0,0,0,0,0,0,0,0,183.81666666666666,484.5755555555556,225.5923611111111,0,0
2014,701000940,0,6.118472222222222,35.164027777777775,0,0,0,0,0,0,0,0,0,0
2014,701000941,0,0,0,0,0,0,0,0,244.8947222222222,400.45375,215.46708333333333,0,2.097916666666667
2014,701000942,0,0,9.886805555555554,0,0,0,0,0,0,0,0,0,0
2014,701000945,0,0,11.748055555555556,0,0,0,0,0,0,0,0,0,0
2014,701000947,0,0,0,0,0,0,0,0,21.993472222222223,0,0,0,0
2014,701000949,0,0,0,0,0,0,0,0,167.40833333333333,267.4555555555556,65.17444444444445,0,0
2014,701000959,0,0,79.42708333333333,0,0,0,0,0,0,0,0,0,0
2014,701000960,0,0,0,0,0,0,0,0,198.0311111111111,471.53583333333336,279.10791666666665,0,0
2014,701000962,0,0,142.64833333333334,0,0,0,0,0,0,0,0,0,0
2014,701006007,0,0,0,0,0,0,0,0,186.98722222222221,55.373333333333335,11.95125,0,0
2014,701006020,0,0,361.3986111111111,27.48111111111111,0,0,0,0,0,8.666527777777778,0,60.994305555555556,0
2014,701006026,0,0,56.77666666666667,0,0,0,0,0,0,11.776805555555555,0,100.98791666666666,12.445277777777777
2014,701006034,0,0,0,0,0,0,0,0,61.407222222222224,167.76777777777778,62.58236111111111,0,0
2014,701006037,0,0,599.8093055555555,10.532361111111111,0,0,0,0,0,0,0,0,0
2014,701006038,0,0,362.54305555555555,0,0,0,0,0,0,37.13027777777778,37.13027777777778,0,0
2014,701006040,0,0,396.4075,0,0,0,0,0,0,19.973194444444445,0,0,0
2014,701006042,0,0,561.5080555555555,3.3054166666666664,0,0,0,0,0,0,0,0,0
2014,701006043,11.697638888888887,11.719999999999999,386.2052777777778,13.692222222222222,0,0,0,0,0,0,0,0,0
2014,701006044,4.69,4.69,421.5384722222222,15.877916666666668,0,42.458194444444445,1.6665277777777778,0,0,0,0,0,0
2014,701006046,0,0,624.4922222222223,188.67625,0,30.444583333333334,5.354305555555555,0,0,0,0,0,0
2014,701006056,0,0,23.155555555555555,0,0,0,0,0,0,0,0,0,0
2014,701006058,0,0,0,0,0,0,0,0,149.54305555555555,270.9638888888889,173.88833333333332,0,0
2014,701006059,0,0,0,0,0,0,0,0,261.96416666666664,322.61055555555555,208.63125,0,0
2014,701006061,0,0,179.0365277777778,0.6,0,0,0,0,0,0,0,0,0
2014,701006063,0,0,481.7347222222222,6.375138888888889,0,0,0,0,0,21.5425,21.5425,0,0
2014,701006066,9.147638888888888,9.147638888888888,226.02666666666667,0,0,0,0,0,0,0,0,0,0
2014,701006068,0,0,0,0,0,0,0,0,43.03527777777778,33.40819444444445,5.28125,0,0
2014,701006073,0,0,723.3683333333333,28.33791666666667,0,0,0,0,0,0,0,0,0
2014,701006074,0,0,0,0,0,0,0,0,144.36680555555554,290.2476388888889,121.86694444444444,0,0
2014,701006080,0,0,111.16194444444444,8.096527777777778,0,0,0,0,199.62597222222223,44.6675,5.347916666666666,0,0
2014,701006084,0,0,0,0,0,0,0,0,92.94430555555556,438.3333333333333,224.16833333333332,0,0
2014,701006085,0,1.585,53.02902777777778,0,0,0,0,0,0,0,0,0,0
2014,701006094,0,0,0,0,0,0,0,0,242.52333333333334,547.1508333333334,244.44916666666666,0,3.150138888888889
2014,701006135,0,0,19.155416666666667,0,0,0,0,0,0,0,0,0,0
2014,701006138,0,0,152.21458333333334,0,0,0,0,0,0,0,0,0,0
2014,701006139,0,0,28.99388888888889,0,0,0,0,0,0,0,0,0,0
2014,701006143,0,0,38.99652777777778,0,0,0,0,0,0,0,0,0,0
2014,701006144,0,0,19.13722222222222,0,0,0,0,0,0,0,0,0,0
2014,701006147,0,0,14.340972222222222,0,0,0,0,0,0,0,0,0,0
2014,701006149,0,1.5775,3.9680555555555554,0,0,0,0,0,0,0,0,0,0
2014,701006151,0,23.345694444444444,16.308611111111112,0,0,0,0,0,0,0,0,0,0
2014,701006168,0,0,368.32680555555555,18.72833333333333,0,0,0,0,0,0,0,0,0
2014,701006182,0,9.377916666666666,49.23791666666667,125.89263888888888,620.295,216.42083333333332,4.879583333333333,217.21694444444444,0,9.127083333333333,0,0,0
2014,701006183,0,0,16.127777777777776,0,0,0,0,0,0,0,0,0,0
2014,701006201,0,0,0,0,0,0,0,0,0,0,0,0,36.86013888888889
2014,701006204,0,0,0,0,0,0,0,0,210.6473611111111,116.74111111111111,48.70666666666667,0,0
2014,701006300,0,0,46.833333333333336,0,0,0,0,0,0,59.999027777777776,59.91027777777778,0,0
2014,701006341,0,0,150.61375,56.04361111111111,0,0,0,0,0,31.055833333333336,0,69.51722222222223,0
2014,701006377,0,0,0,0,0,0,0,0,135.51111111111112,415.63944444444445,207.74125,0,0
2014,701006427,0,0,0,0,0,0,0,0,208.91722222222222,0,0,0,0
2014,701006445,0,0,553.8245833333333,0,0,0,0,0,0,0,0,0,0
2014,701006450,0,0,0,0,0,0,0,0,40.99388888888889,0,0,0,0
2014,701006468,0,0,0,0,0,0,0,0,265.75041666666664,107.16194444444444,33.18666666666667,0,0
2014,701006471,0,0,0,0,0,0,0,0,193.76638888888888,473.10555555555555,258.8927777777778,0,0
2014,701006529,0,0,146.48388888888888,0.20833333333333331,0,0,0,0,0,0,0,0,0
2014,701007014,0,0,50.19847222222222,0,0,0,0,0,12.1775,33.50944444444444,20.65722222222222,0,0
2014,701007021,0,0,140.05680555555557,10.708055555555555,0,0,0,0,0,2.506666666666667,2.506666666666667,0,0
2014,701007022,0,0,0,0,0,0,0,0,320.21805555555557,337.0848611111111,133.04319444444445,0,0
2014,701007026,0,0,270.02791666666667,0,0,0,0,0,0,0,0,0,0
2014,701007039,0,0,41.31986111111111,0,0,0,0,0,0,0,0,0,0
2014,701007040,0,0,219.0948611111111,2.736388888888889,0,0,0,0,0,98.8425,98.8425,0,0
2014,701007044,0,0,0,0,0,0,0,0,64.67194444444445,441.56347222222223,182.11930555555554,0,14.084722222222222
2014,701015000,0,0,75.86569444444444,21.052083333333332,0,0,0,0,0,64.62,0,0,13.46638888888889
2014,701019000,0,0,29.876805555555556,0,0,0,0,0,82.46722222222222,45.60722222222222,23.37875,0,0
2014,701023000,9.033194444444444,9.033194444444444,512.5219444444444,6.40625,0,0,0,0,0,0,0,0,0
2014,701024000,194.69930555555555,195.13097222222223,2195.455138888889,2044.2363888888888,0,0,0,0,0,0,0,0,0
2014,701027000,0,0,0,0,4.810277777777777,1025.628611111111,5.608333333333333,7.758333333333334,0,0,0,0,0
2014,701030000,0,0,130.70819444444444,0,0,0,0,0,0,0,0,0,0
2014,701031000,19.660694444444445,25.416805555555555,823.4443055555556,0,0,0,0,0,0,0,0,0,0
2014,701033000,0,0,1280.6373611111112,1676.7590277777779,0,0,0,0,0,0,0,0,0
2014,701037000,13.593194444444444,14.369861111111112,830.6958333333333,18.95958333333333,0,0,0,0,0,0,0,0,0
2014,701038000,0,0,30.313194444444445,0,0,0,0,0,0,0,0,39.165416666666665,0
2014,701042000,0,2.270833333333333,483.6958333333333,12.569861111111111,0,0,0,0,0,0,0,0,0
2014,701045000,0,0,645.3751388888888,11.696666666666667,0,0,0,0,0,0,0,0,0
2014,701054000,0,0,0,0,0,0,0,0,0,0,0,16.767083333333332,0
2014,701066000,0,0,0,0,0,0,0,0,232.39569444444444,451.1588888888889,227.35486111111112,0,0
2014,701068000,0,0,0,0,17.514861111111113,611.7159722222223,0,18.24763888888889,0,0,0,0,0
2014,701070000,0,0,0,0,0,0,0,0,89.12847222222223,48.62527777777778,1.3288888888888888,0,0
2014,701078000,0,0,0,0,0,0,0,0,190.3325,525.6594444444445,317.5236111111111,0,0
2014,701079000,0,0,0,0,0,0,0,0,168.07722222222222,396.1820833333333,279.1825,0,0
2014,701094000,0,0,0,0,0,28.099444444444444,0,0,106.89861111111111,315.5184722222222,178.0648611111111,0,0
2014,701096000,0,0,0,0,0,0,0,0,310.6073611111111,465.2029166666667,267.24611111111113,0,0
2014,701100000,0,0,0,0,0,0,0,0,182.10944444444445,420.3748611111111,210.63291666666666,0,0
2014,701537000,0,0,0,0,0,0,0,0,0.3527777777777778,0,0,0,0
2015,701000509,10.851944444444445,10.851944444444445,253.17125000000001,4.085833333333333,0,0,0,0,0,33.139583333333334,33.139583333333334,0,0
2015,701000511,0,0,141.7776388888889,0.4030555555555556,0,0,0,0,0,0,0,0,0
2015,701000512,0,0,1408.298888888889,28.54861111111111,0,0,0,0,0,0,0,0,0
2015,701000515,0,0,0,0,0,0,0,0,316.04055555555556,227.46930555555556,118.54694444444445,0,0
2015,701000516,0,0,0,0,0,0,0,0,344.75569444444443,123.1925,76.57555555555555,0,0
2015,701000528,0,0,0,0,0,0,0,0,11.095833333333333,0,0,0,0
2015,701000529,0,0,29.58972222222222,0,0,0,0,0,0,0,0,0,0
2015,701000531,0,0,169.67708333333334,0,0,0,0,0,0,98.31361111111111,98.31361111111111,0,0
2015,701000539,0,0,0,0,0,0,0,0,193.47694444444446,400.14472222222224,263.4061111111111,0,1.5419444444444446
2015,701000543,0,0,38.67472222222222,0,0,0,0,0,0,0,0,0,0
2015,701000545,0,0,188.63625,0,0,0,0,0,0,0.8444444444444444,0,0,0
2015,701000546,0,0,0,0,0,0,0,0,339.525,246.40916666666666,113.00402777777778,0,0
2015,701000547,0,0,102.35222222222222,0,0,0,0,0,0,0,0,0,0
2015,701000549,0,0,0,0,0,0,0,0,182.20111111111112,153.43333333333334,94.69361111111111,0,0
2015,701000550,0,0,0,0,0,0,0,0,228.43527777777777,128.1223611111111,64.45902777777778,0,0
2015,701000551,0,0,59.148472222222225,0,0,0,0,0,0,0,0,0,0
2015,701000553,0,0,0,0,0,0,0,0,313.86694444444447,119.34111111111112,84.24402777777777,0,0
2015,701000562,0,0,0,0,0,0,0,0,168.21930555555556,92.87083333333334,50.20930555555555,0,0
2015,701000577,0,0,723.57625,351.0961111111111,0,0,0,0,0,0,0,0,0
2015,701000583,0,0,278.74805555555554,25.203333333333333,0,0,0,0,0,0,0,0,0
2015,701000584,0,0,0,0,0,0,0,0,5.481805555555555,0,0,0,0
2015,701000588,0,0,0,0,0,0,0,0,355.06930555555556,220.69486111111112,129.35875,0,0
2015,701000591,0,0,252.30944444444444,1.5143055555555556,0,0,0,0,0,46.44888888888889,46.44888888888889,0,0
2015,701000597,0,0,164.95958333333334,0,0,0,0,0,0,0,0,0,0
2015,701000607,0,0,0,0,0,0,0,0,212.33902777777777,228.155,142.0088888888889,4.697916666666667,0
2015,701000612,0,0,0,0,0,0,0,0,215.99472222222224,396.1455555555556,297.85583333333335,0,0
2015,701000617,0,0,0,0,0,0,0,0,83.50638888888889,122.8536111111111,72.4876388888889,70.50680555555556,14.934722222222224
2015,701000619,0,0,0,0,0,0,0,0,102.36972222222222,180.4323611111111,157.68833333333333,0,0
2015,701000620,6.3445833333333335,6.3445833333333335,1211.0305555555556,578.2033333333334,0,0,0,0,0,0,0,0,0
2015,701000623,0,0,116.87916666666666,0,0,0,0,0,0,0,0,0,0
2015,701000626,0,0,0,0,0,0,0,0,153.86305555555555,169.98236111111112,92.65708333333333,0,0
2015,701000627,0,0,0,0,0,1958.62125,38.75555555555555,213.08277777777778,0,0,0,0,0
2015,701000628,0,0,664.3741666666666,0,0,0,0,0,0,1.0541666666666667,0,0,0
2015,701000629,4.42375,4.822361111111111,324.79305555555555,8.50375,0,0,0,0,0,0,0,0,0
2015,701000636,0,0,0,0,0,0,0,0,0,138.1052777777778,134.81541666666666,0,0
2015,701000639,0,0,0,0,0,0,0,0,115.92902777777778,413.18097222222224,210.76680555555555,0,0
2015,701000642,0,0,0,0,0,0,0,0,308.35069444444446,22.252222222222223,6.867638888888889,0,0
2015,701000645,0,0,0,0,0,0,0,0,426.4963888888889,150.77333333333334,91.74472222222222,0,0
2015,701000646,0,0,0,0,0,0,0,0,168.48513888888888,0,0,0,0
2015,701000649,0,0,0,0,0,0,0,0,254.69847222222222,318.3463888888889,167.60972222222222,0,0
2015,701000651,0,0,0,0,0,0,0,0,171.09458333333333,125.48416666666667,74.93472222222222,0,0
2015,701000652,0,0,0,0,0,0,0,0,350.7368055555556,324.0652777777778,216.11111111111111,0,0
2015,701000658,0,0,0,0,0,0,0,0,323.24847222222223,360.5465277777778,246.93569444444444,0,0
2015,701000660,0,0,0,0,0,0,0,0,145.34472222222223,120.44819444444444,92.28125,3.329305555555555,0
2015,701000662,0,0,0,0,0,0,0,0,195.49027777777778,230.83013888888888,130.47625,0,0
2015,701000666,0,0,0,0,0,0,0,0,322.72680555555553,536.6816666666667,350.5852777777778,0,0
2015,701000668,0,0,0,0,0,0,0,0,312.6976388888889,129.30541666666667,13.3,0,0
2015,701000672,0,0,0.7873611111111111,0,0,0,0,0,26.400555555555556,0,0,0,0
2015,701000673,0,0,26.360277777777778,0,0,0,0,0,0,0,0,0,0
2015,701000674,0,25.81875,203.73708333333335,0,0,0,0,0,0,0,0,0,0
2015,701000675,0,0,13.69972222222222,0,0,0,0,0,0,0,0,0,0
2015,701000677,0,0,36.10402777777778,0,0,0,0,0,0,0,0,0,0
2015,701000680,0,0,216.38361111111112,0,0,0,0,0,0,0,0,0,0
2015,701000681,0,6.325,119.25111111111111,0,0,0,0,0,0,0,0,0,0
2015,701000686,0,0,0,0,0,0,0,0,191.38736111111112,137.37597222222223,57.259861111111114,0,0
2015,701000687,0,0,0,0,0,0,0,0,256.83972222222224,169.0575,83.39013888888888,0,0
2015,701000696,0,0,0,0,0,0,0,0,344.8497222222222,103.82541666666667,8.939166666666667,0,0
2015,701000708,0,0,0,0,0,0,0,0,132.67388888888888,129.99055555555555,76.52152777777778,0,0
2015,701000713,0,53.80847222222222,55.97972222222222,121.08013888888888,188.43458333333334,21.66138888888889,10.087500000000002,1425.5233333333333,0,0,0,0,0
2015,701000717,0,0,273.0626388888889,3.5833333333333335,0,0,0,0,0,0,0,0,0
2015,701000720,0,0,0,0,0,0,0,0,176.21833333333333,162.00472222222223,89.23083333333334,0,0
2015,701000728,0,0,4.939444444444445,0,0,0,0,0,0,200.94916666666666,114.40347222222222,0,0
2015,701000729,0,0,0,0,0,0,0,0,285.12180555555557,12.843194444444444,2.6761111111111116,0,0
2015,701000732,0.8108333333333333,0.8108333333333333,708.9943055555556,20.745555555555555,0,0,0,0,0,0,0,0,0
2015,701000735,0,0,1149.787361111111,53.141527777777775,0,89.89125,0,0,0,0,0,0,0
2015,701000742,0,0,0,0,0,0,0,0,377.9951388888889,471.41555555555556,297.83666666666664,0,0
2015,701000745,0,0,0,0,0,0,0,0,151.99680555555557,37.52930555555555,14.716111111111111,0,0
2015,701000753,0,0,0,0,0,0,0,0,391.16375,64.4786111111111,46.71736111111111,0,0
2015,701000755,0,0,198.28430555555556,10.141388888888889,0,0,0,0,0,136.49930555555557,136.49930555555557,0,0
2015,701000756,14.307083333333333,14.307083333333333,402.335,7.179583333333333,0,0,0,0,0,122.4538888888889,122.4538888888889,0,0
2015,701000764,0,0,0,0,0,0,0,0,224.50208333333333,265.81805555555553,164.72347222222223,0,0
2015,701000765,0,0,348.7536111111111,6.435277777777778,0,0,0,0,0,100.86611111111111,100.09708333333333,0,0
2015,701000768,0,0,6.114722222222222,0,0,0,0,0,0,0,0,0,0
2015,701000772,0,0,0,0,0,0,0,0,307.09472222222223,99.42916666666666,66.03722222222223,0,0
2015,701000785,0,0,0,0,0,0,0,0,289.2133333333333,216.90194444444444,127.77569444444444,0,0
2015,701000791,0,0,0.6356944444444445,0,0,0,0,0,0,1.9498611111111113,0.9040277777777779,0,0
2015,701000794,0,0,11.563611111111111,0,0,0,0,0,0,0,0,0,0
2015,701000800,0,0,0,0,0,0,0,0,376.13055555555553,136.005,44.40013888888889,0,0
2015,701000805,0,0,0,0,0,0,0,0,191.86875,99.30430555555556,61.04263888888889,0,0
2015,701000808,0,0,3.0968055555555556,0,0,0,0,0,0,0,0,0,0
2015,701000814,0,0,0,0,0,0,0,0,18.495277777777776,0,0,0,0
2015,701000816,0,0,0,0,0,0,0,0,246.95569444444445,0,0,0,0
2015,701000818,0,0,44.40277777777778,16.42875,0,0,0,0,0,0,0,0,0
2015,701000823,0,1.2637500000000002,42.10736111111111,0,0,0,0,0,0,0,0,0,0
2015,701000830,0,0,0,0,0,0,0,0,253.94166666666666,349.73291666666665,223.26291666666665,0,0
2015,701000834,0,0,10.176388888888889,0,0,0,0,0,0,0,0,0,0
2015,701000835,0,0,443.4894444444445,12.85125,0,0,0,0,0,0,0,0,0
2015,701000837,0,0,41.02361111111111,0,0,0,0,0,0,90.60583333333334,27.523333333333333,123.00402777777778,6.259166666666666
2015,701000840,0,0,0,0,0,0,0,0,219.34,77.1248611111111,42.652499999999996,0,0
2015,701000844,0,0,0,0,0,0,0,0,0,51.249027777777776,0,0,0
2015,701000849,0,0,110.98444444444445,5.258333333333334,0,0,0,0,0,102.32861111111112,102.32861111111112,0,0
2015,701000850,0,0,347.51875,5.294444444444444,0,0,0,0,0,0,0,0,0
2015,701000856,0,0,0,0,0,0,0,0,217.64111111111112,148.68305555555557,70.59847222222223,0,0
2015,701000857,0,0,19.763055555555553,0,0,0,0,0,0,0,0,0,0
2015,701000860,0,0,112.02041666666666,0,0,0,0,0,0,0,0,0,0
2015,701000865,0,0,24.051805555555557,7.132361111111111,0,0,0,0,0,0,0,0,0
2015,701000869,0,0,15.621805555555556,0.40125,0,0,0,0,232.30847222222224,0,0,0,0
2015,701000870,0,0,234.91222222222223,0.5177777777777778,0,0,0,0,0,0,0,0,0
2015,701000875,0,14.893055555555556,14.552222222222222,0,0,0,0,0,0,0,0,2.7820833333333335,0
2015,701000882,0,0,0,0,0,0,0,0,158.96625,85.08666666666667,70.64236111111111,0,0
2015,701000884,0,0,140.89166666666668,0,0,0,0,0,0,0,0,0,0
2015,701000895,0,0,0,0,0,0,0,0,406.06555555555553,140.1211111111111,79.93069444444444,0,0
2015,701000899,0,0,0,0,0,0,0,0,238.2825,55.96277777777778,48.15027777777778,0,0
2015,701000901,1.8409722222222222,2.811111111111111,711.8823611111111,0,0,0,0,0,0,0,0,0,0
2015,701000902,0,0,332.8384722222222,26.41638888888889,0,0,0,0,0,82.97902777777779,82.34902777777778,0,0
2015,701000916,0,0,0,0,0,0,0,0,226.3763888888889,118.34722222222223,58.40513888888889,0,0
2015,701000919,0,0,0,0,0,0,0,0,169.20291666666668,84.66513888888889,35.35055555555555,0,0
2015,701000925,0,0,0,0,0,0,0,0,344.4675,163.67805555555555,107.70875,0,0
2015,701000927,0,0,26.97486111111111,0,0,0,0,0,0,0,0,0,0
2015,701000928,0,0,0,0,0,0,0,0,238.2288888888889,134.08916666666667,81.56611111111111,0,0
2015,701000929,0,0,4.7195833333333335,0,0,0,0,0,0,0,0,0,0
2015,701000932,0,0,0,0,0,0,0,0,257.9226388888889,194.4488888888889,92.45611111111111,0,0
2015,701000940,0,0,95.09930555555556,0,0,0,0,0,0,0,0,0,0
2015,701000941,0,0,0,0,0,0,0,0,285.16013888888887,299.36583333333334,168.77527777777777,0,5.259305555555556
2015,701000945,0,0,126.66055555555556,0,0,0,0,0,0,0,0,0,0
2015,701000949,0,0,0,0,0,0,0,0,239.58013888888888,212.76791666666668,94.03375,0,0
2015,701000950,0,0,0,0,0,0,0,0,154.73194444444445,95.42791666666666,36.13652777777778,0,0
2015,701000959,0,0,7.913194444444445,0,0,0,0,0,0,0,0,0,0
2015,701000960,0,0,0,0,0,0,0,0,209.11708333333334,132.54736111111112,67.77666666666667,0,0
2015,701006003,0,0,0,0,0,0,0,0,298.91847222222225,260.52569444444447,146.94083333333333,0,0
2015,701006005,0,0,0,0,0,0,0,0,270.345,116.79902777777778,87.18333333333334,0,0
2015,701006007,0,0,3.7769444444444447,11.210416666666667,0,0,0,0,310.77152777777775,0,0,0,0
2015,701006020,0,0,130.4634722222222,79.915,0,0,0,0,0,31.422638888888887,31.422638888888887,16.183888888888887,17.580694444444443
2015,701006026,0,0,20.079166666666666,0,0,0,0,0,0,47.435833333333335,0.15652777777777777,41.71680555555555,6.926111111111111
2015,701006034,0,0,0,0,0,0,0,0,162.46597222222223,227.81583333333333,125.51402777777778,0,0
2015,701006037,0,0,254.78097222222223,0,0,0,0,0,0,0,0,0,0
2015,701006038,0,0,123.46916666666667,0,0,0,0,0,0,0,0,0,0
2015,701006040,0,0,96.56625,0.8109722222222222,0,0,0,0,0,7.625277777777778,0,19.44611111111111,0
2015,701006042,1.2313888888888889,1.2313888888888889,362.87375,36.14763888888889,0,0,0,0,0,0,0,0,0
2015,701006043,4.553472222222222,4.584166666666667,838.2225,12.23236111111111,0,0,0,0,0,0,0,0,0
2015,701006044,0,1.6612500000000001,685.1745833333333,0,0,0,0,0,0,0,0,0,0
2015,701006046,11.360138888888889,11.360138888888889,850.4359722222222,29.15972222222222,0,0,0,0,0,0,0,0,0
2015,701006056,0,0,26.929444444444446,0,0,0,0,0,0,0,0,0,0
2015,701006058,0,0,0,0,0,0,0,0,320.24916666666667,102.56625,80.13777777777779,0,0
2015,701006059,0,0,0,0,0,0,0,0,347.06916666666666,90.74583333333334,65.02680555555555,0,0
2015,701006060,0,0,0,0,0,0,0,0,370.33416666666665,336.2426388888889,141.26305555555555,0,0
2015,701006061,0,0,329.71444444444444,4.668611111111111,0,0,0,0,0,0,0,0,0
2015,701006063,0,0,272.92069444444445,10.178472222222222,0,0,0,0,0,0,0,0,0
2015,701006066,0,0,201.9427777777778,1.1004166666666668,0,0,0,0,0,0,0,0,0
2015,701006068,0,0,61.279444444444444,7.368611111111111,0,0,0,0,195.0301388888889,102.77069444444444,6.717777777777777,0,0
2015,701006071,0,0,0,0,0,0,0,0,261.5136111111111,129.51597222222222,73.92041666666667,0,0
2015,701006073,0,0,430.81138888888887,0,0,0,0,0,0,0,0,0,0
2015,701006074,0,0,0,0,0,0,0,0,190.0511111111111,144.19930555555555,83.06402777777778,0,0
2015,701006080,0,0,139.80763888888887,0,0,0,0,0,0,5.58611111111111,0,46.94277777777778,0
2015,701006083,0,0,0,0,0,0,0,0,428.5661111111111,161.275,67.34861111111111,0,0
2015,701006084,0,0,0,0,0,0,0,0,363.8186111111111,179.90319444444444,72.85277777777777,0,3.25375
2015,701006085,0,0,159.3075,0,0,0,0,0,0,0,0,0,0
2015,701006086,0,0,0,0,0,0,0,0,231.34430555555556,92.37125,68.00541666666666,0,0
2015,701006094,0,0,0,0,0,0,0,0,277.9501388888889,388.9897222222222,258.60180555555553,0,0
2015,701006119,0,0,0.7681944444444445,0,0,0,0,0,0,0,0,0,0
2015,701006132,0,0,6.387361111111112,0,0,0,0,0,0,0,0,0,0
2015,701006135,0,0,33.84111111111111,0,0,0,0,0,0,0,0,0,0
2015,701006138,0,0,125.15930555555556,0,0,0,0,0,0,0,0,0,0
2015,701006145,0,0,116.74194444444444,3.0923611111111113,0,0,0,0,0,0,0,0,0
2015,701006147,0,0,13.309027777777779,0,0,0,0,0,0,0,0,0,0
2015,701006149,0,0,11.726111111111111,0,0,0,0,0,0,0,0,0,0
2015,701006151,0,0,113.46402777777777,0,0,0,0,0,0,0,0,0,0
2015,701006168,0,0,611.0704166666667,0,0,32.36,0,0,0,0,0,0,0
2015,701006182,0,67.39583333333333,68.53597222222223,117.74777777777778,168.3801388888889,53.91236111111111,0,1526.84625,0,0,0,0,0
2015,701006204,0,0,0,0,0,0,0,0,286.03583333333336,66.74680555555555,46.240833333333335,0,0
2015,701006300,0,0,14.6725,0,0,0,0,0,0,3.228888888888889,3.228888888888889,0,0
2015,701006341,0,0,66.47472222222223,0,0,0,0,0,0,17.04375,0,16.169583333333332,0
2015,701006377,0,0,0,0,0,0,0,0,305.30041666666665,77.65625,50.02333333333333,0,0
2015,701006427,0,0,0,0,0,0,0,0,485.4398611111111,0,0,0,0
2015,701006445,0,0,785.8731944444445,0,0,0,0,0,0,0,0,2.1573611111111113,6.210694444444444
2015,701006468,0,0,0,0,0,0,0,0,318.4890277777778,180.87416666666667,96.83430555555556,0,0
2015,701006471,0,0,0,0,0,0,0,0,213.92916666666667,215.49569444444444,96.94777777777777,0,0
2015,701006568,0,0,232.7438888888889,0,0,0,0,0,0,0,0,0,0
2015,701006582,0,0,0,0,0,0,0,0,191.44805555555556,21.285694444444445,16.219305555555557,0,0
2015,701006605,0,0,1288.4794444444444,2405.2922222222223,0,0,0,0,0,0,0,0,0
2015,701006609,0,0,38.14930555555556,0,0,0,0,0,0,0,0,0,0
2015,701006614,0,0,64.18319444444445,0,0,0,0,0,0,0,0,0,0
2015,701006615,0,0,136.67569444444445,0,0,0,0,0,0,0,0,0,0
2015,701006637,0,0,0,0,0,0,0,0,244.72916666666666,0,0,0,0
2015,701007014,0,0,0,0,0,0,0,0,5.166805555555555,0,0,0,0
2015,701007022,0,0,0,0,0,0,0,0,260.5620833333333,67.27791666666667,41.595555555555556,0,0
2015,701007026,0,0,11.799027777777777,0,0,0,0,0,0,0,0,0,0
2015,701007036,0,0,82.21027777777778,5.534166666666667,0,0,0,0,0,307.15486111111113,202.32569444444445,0,0
2015,701007039,0,0,0,0,0,0,0,0,248.7290277777778,85.70805555555556,36.61236111111111,0,0
2015,701007040,0,0,346.0469444444444,3.6783333333333332,0,0,0,0,0,129.59194444444444,129.59194444444444,0,0
2015,701007044,0,0,0,0,0,0,0,0,338.9604166666667,161.71722222222223,42.064305555555556,0,0
2015,701015000,0,0,91.43388888888889,11.66611111111111,0,0,0,0,0,52.88,11.534722222222221,44.0225,14.547777777777778
2015,701019000,0,0,27.075138888888887,0.27569444444444446,0,0,0,0,86.53208333333333,49.78736111111111,38.67472222222222,0,0
2015,701023000,0,19.025277777777777,503.36097222222224,21.71222222222222,0,0,0,0,0,0,0,0,0
2015,701024000,123.99361111111111,125.15930555555555,2122.33125,3093.20875,0,0,0,0,0,0,0,0,0
2015,701027000,0,0,0,0,0,273.1165277777778,0,30.140138888888888,0,0,0,0,0
2015,701030000,0,0,171.4884722222222,19.388472222222223,0,0,0,0,0,0,0,0,0
2015,701031000,1.6269444444444445,27.909166666666668,736.9123611111111,0,0,0,0,0,0,0,0,0,0
2015,701037000,46.357083333333335,46.787638888888885,1083.1038888888888,51.718333333333334,0,0,0,0,0,0,0,0,0
2015,701038000,0,0,45.47694444444444,0,0,0,0,0,0,38.9925,0,32.00875,2.4958333333333336
2015,701041000,0,0,0,0,0,0,0,0,429.03625,307.23527777777775,117.16222222222223,0,0
2015,701042000,3.979722222222222,3.979722222222222,729.7231944444444,83.58430555555556,0,7.5280555555555555,0,0,0,0,0,0,0
2015,701045000,13.766527777777778,13.766527777777778,936.9352777777777,1.9658333333333335,0,0,0,0,0,9.230416666666667,0,0,38.97625
2015,701054000,0,0,0,0,0,0,0,0,0,0,0,3.547361111111111,5.040277777777778
2015,701066000,0,0,0,0,0,0,0,0,279.17819444444444,148.1773611111111,92.03833333333333,0,0
2015,701068000,0,0,0,0,5.470972222222223,670.8719444444445,0,39.550694444444446,0,0,0,0,0
2015,701078000,0,0,0,0,0,0,0,0,312.97819444444445,468.80944444444447,345.0936111111111,0,0
2015,701079000,0,0,0,0,0,0,0,0,181.90916666666666,287.9222222222222,206.60361111111112,0,0
2015,701094000,0,0,0,0,0,0,0,0,137.79430555555555,104.87722222222222,37.45791666666667,0,0
2015,701096000,0,0,0,0,0,0,0,0,255.8023611111111,293.53625,138.40305555555557,0,0
2015,701100000,0,0,0,0,0,0,0,0,231.83791666666667,236.87027777777777,57.81,0,0
2016,701000506,0,0,223.9490277777778,0,0,0,0,0,0,0,0,0,0
2016,701000509,0,0,30.337222222222223,0,0,0,0,0,0,0,0,0,0
2016,701000511,0,0,344.66819444444445,0.8829166666666667,0,0,0,0,0,0,0,0,0
2016,701000512,5.859305555555556,8.410694444444445,641.1181944444445,0,0,0,0,0,0,0,0,0,0
2016,701000515,0,0,0,0,0,0,0,0,72.25888888888889,206.37666666666667,76.99555555555555,0,0
2016,701000516,0,0,0,0,0,0,0,0,92.92472222222223,230.96347222222224,69.15555555555555,0,0
2016,701000517,0,0,165.61555555555555,33.741388888888885,0,0,0,0,0,0,0,0,0
2016,701000525,0,0,0,0,0,0,0,0,106.27291666666666,88.77819444444445,74.31625,0,0
2016,701000528,0,0,0,0,0,0,0,0,194.39180555555555,80.74055555555556,54.789722222222224,0,0
2016,701000529,0,0,10.29888888888889,0,0,0,0,0,0,0,0,0,0
2016,701000535,0,0,36.754999999999995,0,0,0,0,0,0,0,0,0,0
2016,701000539,0,0,0,0,0,0,0,0,106.56305555555555,338.26930555555555,128.46527777777777,0,4.695
2016,701000546,0,0,0,0,0,0,0,0,57.965694444444445,172.295,107.17666666666666,0,3.832361111111111
2016,701000547,0,0,150.23958333333334,0,0,0,0,0,0,0,0,0,0
2016,701000549,0,0,0,0,0,0,0,0,80.69125,213.48041666666666,51.10986111111111,0,0
2016,701000550,0,0,0,0,0,0,0,0,99.45083333333334,181.66541666666666,73.7075,0,0
2016,701000551,0,0,183.76694444444445,131.37541666666667,0,0,0,0,0,0,0,0,0
2016,701000553,0,0,0,0,0,0,0,0,130.56930555555556,222.38361111111112,89.49277777777777,0,0
2016,701000558,0,0,0,0,0,0,0,0,22.287916666666668,47.653194444444445,27.109583333333333,0,0
2016,701000562,0,0,0,0,0,0,0,0,21.7775,181.5751388888889,48.93263888888889,0,0
2016,701000571,0,0,21.314583333333335,99.63555555555556,0,0,0,0,38.04513888888889,8.807638888888889,1.0752777777777778,0,0
2016,701000577,6.324027777777778,6.337916666666667,966.5951388888889,2879.264583333333,0,0,0,0,0,0,0,0,0
2016,701000578,0,0,189.60541666666666,2.7531944444444445,0,0,0,0,0,0,0,0,0
2016,701000583,0,0,158.77527777777777,2.9947222222222223,0,0,0,0,0,0,0,0,0
2016,701000584,0,0,0,0,0,0,0,0,22.780694444444443,0,0,0,0
2016,701000587,0,0,0,0,0,0,0,0,102.16944444444444,252.84444444444443,115.91222222222223,0,2.48625
2016,701000588,0,0,0,0,0,0,0,0,133.61305555555555,160.16055555555556,45.37986111111111,0,0
2016,701000591,0,0,332.53513888888887,0,0,0,0,0,0,0,0,0,0
2016,701000596,0,0,122.80819444444444,87.03416666666666,0,0,0,0,0,0,0,0,0
2016,701000597,0,0,166.00986111111112,325.4840277777778,0,0,0,0,0,0,0,0,0
2016,701000607,0,0,0,0,0,0,0,0,70.02263888888889,231.4727777777778,94.55611111111111,0,0
2016,701000612,0,0,0,0,0,0,0,0,151.3988888888889,471.0763888888889,249.83583333333334,0,0
2016,701000615,0,0,0,0,0,0,0,0,81.14416666666666,20.358055555555556,12.37111111111111,0,0
2016,701000617,0,0,6.8684722222222225,0,0,0,0,0,0,0,0,0,0
2016,701000619,0,0,0,0,0,0,0,0,230.64166666666665,174.35819444444445,71.95263888888888,0,0
2016,701000620,0,0,1491.7301388888889,1076.3877777777777,0,0,0,0,0,0,0,0,0
2016,701000623,0,0,42.919444444444444,0,0,0,0,0,0,0,0,0,0
2016,701000626,0,0,0,0,0,0,0,0,120.35222222222222,258.9411111111111,95.45333333333333,0,0
2016,701000627,0,0,0,0,0,2716.5113888888886,32.51013888888889,88.30791666666667,0,0,0,0,0
2016,701000628,0,0,71.24305555555556,0,0,0,0,0,0,0,0,0,0
2016,701000631,0,0,160.52402777777777,12.160416666666666,0,0,0,0,0,0,0,0,0
2016,701000632,0,0,167.29902777777778,42.044444444444444,0,0,0,0,0,0,0,0,0
2016,701000636,0,0,271.7034722222222,1.8156944444444445,0,0,0,0,0,0,0,0,0
2016,701000639,0,0,0,0,0,0,0,0,217.25722222222223,544.5273611111111,200.46125,0,5.383333333333333
2016,701000642,0,0,0,0,0,0,0,0,40.15972222222222,98.28208333333333,39.08777777777778,0,4.722222222222222
2016,701000645,0,0,0,0,0,0,0,0,98.61083333333333,124.80236111111111,51.791805555555555,3.92375,0
2016,701000646,0,0,0,0,0,0,0,0,58.9075,135.05,25.04722222222222,0,0
2016,701000649,0,0,0,0,0,0,0,0,110.68569444444445,267.43333333333334,100.88444444444444,0,0
2016,701000651,0,0,0,0,0,0,0,0,19.84027777777778,103.34611111111111,45.22638888888889,0,0
2016,701000652,0,0,0,0,0,0,0,0,162.09986111111112,247.4175,85.14791666666667,0,0
2016,701000658,0,0,0,0,0,0,0,0,174.37583333333333,384.19944444444445,226.54652777777778,0,0
2016,701000660,0,0,0,0,0,0,0,0,168.4986111111111,39.18486111111111,21.58138888888889,0,0
2016,701000662,0,0,0,0,0,0,0,0,54.45916666666667,279.1948611111111,130.50194444444443,0,0
2016,701000663,0,0,242.9886111111111,193.89402777777778,0,0,0,0,0,0,0,0,0
2016,701000666,0,0,0,0,0,0,0,0,62.5475,105.21722222222222,30.961666666666666,3.245694444444444,0
2016,701000668,0,0,0,0,0,0,0,0,167.53,137.86097222222222,24.243333333333332,0,0
2016,701000672,0,0,327.1793055555556,66.69777777777777,0,0,0,0,0,0,0,0,0
2016,701000674,0,0,398.6725,0,0,0,0,0,0,0,0,0,0
2016,701000675,0,0,118.28597222222223,46.97375,0,0,0,0,0,0,0,0,0
2016,701000677,0,0,417.1898611111111,57.856249999999996,0,0,0,0,0,0,0,0,0
2016,701000680,0,0,645.2804166666667,65.28444444444445,0,0,0,0,0,0,0,0,0
2016,701000681,0,0,589.3234722222222,29.614722222222223,0,0,0,0,0,0,0,0,0
2016,701000686,0,0,0,0,0,0,0,0,89.10305555555556,207.27680555555557,109.60166666666667,0,1.6040277777777776
2016,701000687,0,0,0,0,0,0,0,0,3.987222222222222,79.93458333333334,32.84625,0,0
2016,701000691,0,0,480.02125,90.13111111111111,0,0,0,0,0,0,0,0,0
2016,701000696,0,0,0,0,0,0,0,0,129.40333333333334,231.67541666666668,125.58902777777777,0,0
2016,701000698,0,0,0,0,0,0,0,0,62.56527777777778,2.3806944444444444,0,0,0
2016,701000708,0,0,0,0,0,0,0,0,15.999027777777778,92.56236111111112,48.822916666666664,0,0
2016,701000713,0,81.25125,155.16930555555555,318.2294444444444,0,4.982083333333334,0,457.4481944444444,0,0,0,0,0
2016,701000717,4.584722222222222,24.284027777777776,428.8702777777778,4.7175,0,0,0,0,0,0,0,0,0
2016,701000720,0,0,0,0,0,0,0,0,14.717916666666667,73.48513888888888,23.330833333333334,0,0
2016,701000725,0,0,0,0,0,0,0,0,0,0,0,0,211.26069444444445
2016,701000728,0,0,6.660833333333334,0,0,0,0,0,0,36.32513888888889,0,84.17833333333334,0
2016,701000729,0,0,0,0,0,0,0,0,104.46611111111112,194.38666666666666,74.98180555555555,0,0
2016,701000731,0,0,0,0,0,0,0,0,56.647083333333335,46.664722222222224,19.134027777777778,0,0
2016,701000732,0,0,581.4948611111112,2.604305555555556,0,0,0,0,0,0,0,0,0
2016,701000735,0.34444444444444444,0.34444444444444444,1219.0372222222222,6.114027777777777,0,0,0,0,0,0,0,0,0
2016,701000742,0,0,0,0,0,0,0,0,137.18013888888888,304.7680555555556,188.6327777777778,0,0
2016,701000745,0,0,0,0,0,0,0,0,45.24194444444444,40.916666666666664,19.793333333333333,0,0
2016,701000753,0,0,0,0,0,0,0,0,159.6651388888889,27.514583333333334,27.514583333333334,0,0
2016,701000755,0,0,104.19333333333333,22.711944444444445,0,0,0,0,0,0,0,0,0
2016,701000756,0,0,264.5913888888889,1.3484722222222223,0,0,0,0,0,0,0,0,0
2016,701000764,0,0,0,0,0,0,0,0,272.0229166666667,343.52319444444447,115.20194444444445,0,0
2016,701000765,0,0,154.49694444444444,0,0,0,0,0,0,0,0,0,0
2016,701000768,0,0,309.21986111111113,24.439166666666665,0,0,0,0,0,0,0,0,0
2016,701000772,0,0,0,0,0,0,0,0,141.57069444444446,175.62569444444443,91.81958333333333,0,0
2016,701000800,0,0,0,0,0,0,0,0,156.48347222222222,421.0436111111111,204.7615277777778,0,0
2016,701000803,0,0,0,0,0,0,0,0,25.451805555555556,16.107499999999998,2.548888888888889,0,0
2016,701000805,0,0,0,0,0,0,0,0,105.03152777777778,98.98791666666666,51.02013888888889,0,0
2016,701000814,0,0,0,0,0,0,0,0,91.7575,61.50791666666667,16.00125,0,0
2016,701000816,0,0,0,0,0,0,0,0,139.04236111111112,22.48125,0.7927777777777778,0,0
2016,701000819,0,0,0,0,0,0,0,0,70.45555555555556,45.62652777777778,8.65375,0,0
2016,701000820,0,0,158.14625,157.20875,0,0,0,0,44.80694444444445,24.27263888888889,4.604305555555555,0,0
2016,701000822,0,0,0,0,0,0,0,0,62.009861111111114,142.03166666666667,85.90319444444445,0,0
2016,701000830,0,0,0,0,0,0,0,0,134.36541666666668,79.2311111111111,40.65375,0,0
2016,701000831,0,0,0,0,0,0,0,0,78.17152777777778,52.44958333333334,6.764583333333333,0,0
2016,701000834,0,0,142.85472222222222,0.46972222222222215,0,0,0,0,0,0,0,0,0
2016,701000835,0,0,86.80097222222223,19.21736111111111,0,0,0,0,45.44388888888889,31.2225,6.480555555555555,0,0
2016,701000837,0,0,110.99958333333333,11.195833333333333,0,0,0,0,0,0,0,34.920972222222225,73.99805555555555
2016,701000840,0,0,0,0,0,0,0,0,114.11541666666666,83.61166666666666,15.97625,0,0
2016,701000849,0,0,234.34291666666667,0.04583333333333334,0,0,0,0,0,0,0,0,0
2016,701000852,0,0,344.9404166666667,44.42458333333333,0,0,0,0,0,0,0,0,0
2016,701000856,0,0,0,0,0,0,0,0,174.19444444444446,146.24263888888888,62.2525,0,0
2016,701000857,0,0,113.33041666666666,9.48611111111111,0,0,0,0,0,0,0,0,0
2016,701000865,0,0,0,0,0,0,0,0,50.50666666666667,324.1715277777778,128.21916666666667,0,0
2016,701000867,0,0,121.80111111111111,46.176944444444445,0,0,0,0,0,0,0,0,0
2016,701000869,0,0,6.4174999999999995,0,0,0,0,0,78.72625,29.34472222222222,10.628055555555555,0,0
2016,701000870,0,0,28.341527777777777,0,0,0,0,0,0,0,0,0,0
2016,701000875,0,0,283.6122222222222,25.44763888888889,0,0,0,0,0,0,0,0,0
2016,701000876,0,0,172.08708333333334,0,0,0,0,0,0,0,0,0,0
2016,701000882,0,0,0,0,0,0,0,0,156.55,135.9886111111111,89.59263888888889,0,0
2016,701000895,0,0,0,0,0,0,0,0,245.8838888888889,289.51694444444445,155.2098611111111,0,0.4947222222222222
2016,701000899,0,0,0,0,0,0,0,0,217.83125,73.41680555555556,22.315694444444446,0,0
2016,701000901,0,0,10.962222222222222,2.862777777777778,0,0,0,0,0,0,0,0,0
2016,701000902,0,0,58.197916666666664,0.801111111111111,0,0,0,0,0,182.90444444444444,124.6348611111111,0,0
2016,701000907,0,0,569.9880555555555,72.32333333333334,0,0,0,0,0,0,0,0,0
2016,701000916,0,0,0,0,0,0,0,0,98.59430555555555,127.17361111111111,45.500416666666666,0,0
2016,701000919,0,0,0,0,0,0,0,0,69.51611111111112,67.45513888888888,9.794583333333334,0,0
2016,701000924,0,0,0,0,0,0,0,0,109.46083333333334,31.71638888888889,9.894166666666667,0,0
2016,701000927,0,0,28.574583333333333,0,0,0,0,0,0,0,0,0,0
2016,701000932,0,0,0,0,0,0,0,0,185.2813888888889,296.15236111111113,145.6963888888889,0,0
2016,701000938,0,0,0,0,0,0,0,0,87.06138888888889,42.583194444444445,23.537222222222223,0,0
2016,701000940,0,0,369.7266666666667,154.28,0,0,0,0,0,0,0,0,0
2016,701000941,0,0,0,0,0,0,0,0,214.20569444444445,302.16847222222225,131.29319444444445,0,4.495277777777778
2016,701000945,0,0,302.92569444444445,155.59958333333333,0,0,0,0,0,0,0,0,0
2016,701000947,0,0,0,0,0,0,0,0,586.33,0,0,0,0
2016,701000948,0,0,193.9897222222222,28.890138888888888,0,0,0,0,0,0,0,0,0
2016,701000949,0,0,0,0,0,0,0,0,26.739583333333332,280.09486111111113,107.84180555555555,0,0
2016,701000959,0,0,75.32319444444444,10.305416666666668,0,0,0,0,0,0,0,0,0
2016,701000960,0,0,0,0,0,0,0,0,165.42805555555555,334.98,181.06666666666666,0,0
2016,701000962,0,0,357.14,102.06541666666666,0,0,0,0,0,0,0,0,0
2016,701006003,0,0,0,0,0,0,0,0,254.23569444444445,227.76763888888888,71.34611111111111,0,4.479305555555555
2016,701006005,0,0,0,0,0,0,0,0,54.89597222222222,165.99666666666667,47.82958333333333,0,0
2016,701006007,0,0,0,0,0,0,0,0,91.01097222222222,28.943055555555556,1.8002777777777776,0,0
2016,701006020,0,0,93.06958333333333,3.131388888888889,0,0,0,0,0,6.7363888888888885,0,13.831944444444444,0
2016,701006026,0,0,181.2301388888889,33.565694444444446,0,0,0,0,0,0.3368055555555556,0,2.835277777777778,7.689305555555555
2016,701006034,0,0,0,0,0,0,0,0,40.53652777777778,197.59333333333333,70.64138888888888,0,0
2016,701006037,0,0,333.3713888888889,0.5255555555555556,0,0,0,0,0,4.657777777777778,4.657777777777778,0,0
2016,701006038,0,0,85.36472222222223,0,0,0,0,0,0,0,0,0,0
2016,701006040,0,0,263.7706944444444,0,0,0,0,0,0,0,0,0,0
2016,701006042,0,0,19.827222222222222,0,0,0,0,0,0,0,0,0,0
2016,701006043,5.095555555555555,6.711111111111111,904.6643055555555,0,0,0,0,0,0,0,0,0,0
2016,701006044,1.2844444444444445,1.2844444444444445,290.56569444444443,1.0066666666666668,0,0.8987499999999999,0,0,0,0,0,0,0
2016,701006046,0,0,1077.611388888889,31.580277777777777,0,0,0,0,0,0,0,0,0
2016,701006049,0,0,0,0,0,0,0,0,75.31875,3.7212500000000004,3.7212500000000004,0,0
2016,701006055,0,0,0,0,0,0,0,0,83.77402777777777,23.98236111111111,9.0475,0,0
2016,701006056,0,0,264.99861111111113,171.7626388888889,0,0,0,0,0,0,0,0,0
2016,701006058,0,0,0,0,0,0,0,0,121.73375,239.10555555555555,133.085,0,0
2016,701006059,0,0,0,0,0,0,0,0,205.10861111111112,52.68361111111111,0,0,0
2016,701006060,0,0,0,0,0,0,0,0,192.03694444444446,173.8461111111111,117.49,0,0
2016,701006061,0.29875,0.29875,253.69222222222223,6.663194444444445,0,0,0,0,0,0,0,0,0
2016,701006063,0,0,91.91,0,0,0,0,0,0,0,0,0,0
2016,701006068,0,0,116.77083333333333,2.1622222222222223,0,0,0,0,178.4351388888889,14.670555555555556,1.5831944444444443,0,0
2016,701006069,0,0,316.5211111111111,132.84083333333334,0,0,0,0,0,0,0,4.112222222222222,0.6866666666666666
2016,701006071,0,0,0,0,0,0,0,0,112.25222222222223,147.6136111111111,35.58277777777778,0,0
2016,701006073,0,0,687.1290277777778,14.516111111111112,0,0,0,0,0,0,0,0,0
2016,701006074,0,0,0,0,0,0,0,0,23.349166666666665,190.26597222222222,72.51986111111111,0,0
2016,701006080,0,0,0,0,0,0,0,0,194.09680555555556,101.10833333333333,49.964166666666664,0,0
2016,701006083,0,0,0,0,0,0,0,0,168.72569444444446,199.79569444444445,93.3398611111111,0,0
2016,701006084,0,0,0,0,0,0,0,0,108.61805555555556,199.4451388888889,107.49472222222222,0,0
2016,701006085,0,0,447.71958333333333,63.38430555555556,0,0,0,0,0,0,0,0,0
2016,701006086,0,0,0,0,0,0,0,0,148.53055555555557,298.9245833333333,189.48722222222221,0,0
2016,701006094,0,0,0,0,0,0,0,0,179.66180555555556,275.2623611111111,169.37152777777777,2.736944444444444,0
2016,701006119,0,0,139.48638888888888,41.69305555555555,0,0,0,0,0,0,0,0,0
2016,701006131,0,0,195.52527777777777,51.50875,0,0,0,0,0,2.635972222222222,2.635972222222222,0,0
2016,701006132,0,0,165.38833333333332,40.940416666666664,0,0,0,0,0,0,0,0,0
2016,701006133,0,0,13.143333333333333,26.737222222222222,0,0,0,0,0,0,0,0,0
2016,701006135,0,0,302.0826388888889,140.84125,0,0,0,0,0,0,0,0,0
2016,701006138,0,0,290.5315277777778,140.75597222222223,0,0,0,0,0,0,0,0,0
2016,701006139,0,0,161.82361111111112,63.12111111111111,0,0,0,0,0,0,0,0,0
2016,701006140,0,0,351.9454166666667,42.39125,0,0,0,0,0,0,0,0,0
2016,701006143,0,0,359.9036111111111,34.73180555555555,0,0,0,0,0,0,0,0,0
2016,701006144,0,0,314.6073611111111,58.370694444444446,0,0,0,0,0,0,0,0,0
2016,701006145,0,0,395.62319444444444,111.55916666666667,0,0,0,0,0,19.777083333333334,12.25527777777778,0,0
2016,701006147,0,0,221.1186111111111,135.14013888888888,0,0,0,0,0,0,0,0,0
2016,701006149,0,0,231.3475,207.53180555555556,0,0,0,0,0,0,0,0,0
2016,701006168,0,0,604.8188888888889,7.049861111111111,0,0,0,0,0,0,0,0,0
2016,701006182,0,0,9.469861111111111,0,25.948888888888888,304.84208333333333,1.9805555555555556,472.8961111111111,0,0,0,0,0
2016,701006183,0,0,141.63875,79.56777777777778,0,0,0,0,0,9.572222222222223,0,0,0
2016,701006204,0,0,0,0,0,0,0,0,103.76958333333333,71.12138888888889,24.314305555555556,0,0
2016,701006215,0,0,0,0,0,0,0,0,95.74972222222222,0,0,0,0
2016,701006341,0,0,134.47208333333333,1.16375,0,0,0,0,0,0,0,10.238194444444444,0
2016,701006377,0,0,0,0,0,0,0,0,37.333888888888886,357.9822222222222,113.09541666666667,0,0
2016,701006405,0,0,0,0,0,0,0,0,39.799166666666665,67.36805555555556,38.86625,0,0
2016,701006427,0,0,0,0,0,0,0,0,243.8088888888889,0,0,0,0
2016,701006445,0,0,2.468611111111111,0,0,0,0,0,0,0,0,0,0
2016,701006450,0,0,0,0,0,0,0,0,28.906388888888888,0,0,0,0
2016,701006468,0,0,0,0,0,0,0,0,170.78458333333333,278.12930555555556,145.51791666666668,0,10.891527777777778
2016,701006471,0,0,0,0,0,0,0,0,107.42180555555555,252.4611111111111,101.98222222222222,0,0
2016,701006568,0,0,285.38875,0,0,0,0,0,0,0,0,0,0
2016,701006582,0,0,0,0,0,0,0,0,164.10666666666668,101.10166666666667,60.72569444444444,0,0
2016,701006605,22.738611111111112,22.738611111111112,1930.624722222222,3124.103611111111,0,0,0,0,1.7095833333333332,4.235694444444444,0.1398611111111111,0,0
2016,701006614,0,0,40.57861111111111,1.8040277777777778,0,0,0,0,0,0,0,0,0
2016,701006615,0,0,523.1104166666667,22.042083333333334,0,0,0,0,0,0,0,0,0
2016,701006637,0,0,0,0,0,0,0,0,208.74541666666667,0,0,0,0
2016,701006640,0,0,0,0,0,0,0,0,0,0,0,0,49.05972222222222
2016,701006698,0,0,0,0,0,0,0,0,89.06125,137.3813888888889,88.81972222222223,0,0
2016,701007011,0,0,0,0,0,0,0,0,134.46444444444444,29.223055555555554,13.219722222222222,0,0
2016,701007014,0,0,12.021805555555556,0,0,0,0,0,0,0,0,0,0
2016,701007022,0,0,0,0,0,0,0,0,253.79666666666668,106.75444444444445,38.273472222222225,0,0
2016,701007026,0,0,283.87666666666667,241.87555555555556,0,0,0,0,0,0,0,0,0
2016,701007028,0,0,0,0,0,0,0,0,0,0,0,0,1.41375
2016,701007029,0,0,0,0,0,0,0,0,105.5573611111111,0,0,0,0
2016,701007036,0,0,49.36555555555555,0,0,0,0,0,0,10.30375,10.30375,0,0
2016,701007038,0,0,0,0,0,0,0,0,118.2525,39.55736111111111,14.028611111111113,0,0
2016,701007039,0,0,0,0,0,0,0,0,191.35902777777778,237.92513888888888,105.70736111111111,0,0
2016,701007040,0,0,240.0313888888889,0,0,0,0,0,0,3.37875,3.37875,0,0
2016,701007044,0,0,0,0,0,0,0,0,172.7927777777778,299.04319444444445,181.01722222222222,0,0
2016,701015000,0,0,98.35722222222222,0,0,0,0,0,0,19.627777777777776,0,0,5.52375
2016,701019000,0,0,0,0,0,0,0,0,27.594583333333333,21.257361111111113,1.4709722222222221,0,0
2016,701023000,0.04875,0.04875,663.7516666666667,0,0,0,0,0,0,0,0,0,0
2016,701024000,0,0,624.6169444444445,1.6648611111111111,0,0,0,0,0,0,0,0,0
2016,701027000,0,0,0,0,0,268.1563888888889,0,88.615,0,0,0,0,0
2016,701031000,1.9531944444444445,9.730555555555556,442.66180555555553,0,0,0,0,0,0,0,0,0,0
2016,701037000,7.213333333333333,7.876388888888888,768.1738888888889,2.3897222222222223,0,0,0,0,0,0,0,0,0
2016,701038000,0,0,12.119027777777779,4.613472222222223,0,0,0,0,0,0,0,0,0
2016,701041000,0,0,0,0,0,0,0,0,106.18819444444445,146.57833333333332,77.08361111111111,0,0
2016,701042000,0,0,321.22027777777777,5.983194444444444,0,0,0,0,0,0,0,0,0
2016,701045000,0,22.204444444444444,354.1956944444444,0,0,0,0,0,0,0,0,0,0
2016,701054000,0,0,0,0,0,0,0,0,0,0,0,73.16694444444445,1.1584722222222223
2016,701056000,0,0,7.476111111111111,17.764027777777777,0,0,0,0,87.79,32.05416666666667,19.199027777777776,0,0
2016,701066000,0,0,0,0,0,0,0,0,210.49666666666667,317.9872222222222,254.31680555555556,0,0
2016,701068000,0,0,0,0,5.5975,737.1631944444445,20.86986111111111,41.05277777777778,0,0,0,0,0
2016,701070000,0,0,131.17472222222221,0,0,0,0,0,197.51472222222222,61.045833333333334,32.93861111111111,0,0
2016,701076000,0,0,2.2444444444444445,0,0,0,0,0,27.365833333333335,12.999305555555555,0,12.467916666666667,0
2016,701079000,0,0,0,0,0,0,0,0,122.72458333333333,413.25166666666667,206.90333333333334,0,0
2016,701094000,0,0,15.958194444444445,0.7998611111111111,0,28.0025,0,0,70.81305555555555,105.79472222222222,48.14263888888889,0,0
2016,701096000,0,0,0,0,0,0,0,0,58.44916666666666,238.725,93.82972222222222,0,0
2016,701100000,0,0,0,0,0,0,0,0,59.57069444444444,197.59652777777777,71.57652777777778,0,0
2016,701108000,0,0,0,0,0,0,0,0,137.08041666666668,134.84166666666667,32.41125,0,0
